1;For Those About To Rock (We Salute You);1;1
2;Balls to the Wall;2;1
3;Fast As a Shark;2;1
4;Restless and Wild;2;1
5;Princess of the Dawn;2;1
6;Put The Finger On You;1;1
7;Let's Get It Up;1;1
8;Inject The Venom;1;1
9;Snowballed;1;1
10;Evil Walks;1;1
11;C.O.D.;1;1
12;Breaking The Rules;1;1
13;Night Of The Long Knives;1;1
14;Spellbound;1;1
15;Go Down;1;1
16;Dog Eat Dog;1;1
17;Let There Be Rock;1;1
18;Bad Boy Boogie;1;1
19;Problem Child;1;1
20;Overdose;1;1
21;Hell Ain't A Bad Place To Be;1;1
22;Whole Lotta Rosie;1;1
23;Walk On Water;1;1
24;Love In An Elevator;1;1
25;Rag Doll;1;1
26;What It Takes;1;1
27;Dude (Looks Like A Lady);1;1
28;Janie's Got A Gun;1;1
29;Cryin;1;1
30;Amazing;1;1
31;Blind Man;1;1
32;Deuces Are Wild;1;1
33;The Other Side;1;1
34;Crazy;1;1
35;Eat The Rich;1;1
36;Angel;1;1
37;Livin' On The Edge;1;1
38;All I Really Want;1;1
39;You Oughta Know;1;1
40;Perfect;1;1
41;Hand In My Pocket;1;1
42;Right Through You;1;1
43;Forgiven;1;1
44;You Learn;1;1
45;Head Over Feet;1;1
46;Mary Jane;1;1
47;Ironic;1;1
48;Not The Doctor;1;1
49;Wake Up;1;1
50;You Oughta Know (Alternate);1;1
51;We Die Young;1;1
52;Man In The Box;1;1
53;Sea Of Sorrow;1;1
54;Bleed The Freak;1;1
55;I Can't Remember;1;1
56;Love, Hate, Love;1;1
57;It Ain't Like That;1;1
58;Sunshine;1;1
59;Put You Down;1;1
60;Confusion;1;1
61;I Know Somethin (Bout You);1;1
62;Real Thing;1;1
63;Desafinado;1;2
64;Garota De Ipanema;1;2
65;Samba De Uma Nota Só (One Note Samba);1;2
66;Por Causa De Você;1;2
67;Ligia;1;2
68;Fotografia;1;2
69;Dindi (Dindi);1;2
70;Se Todos Fossem Iguais A Você (Instrumental);1;2
71;Falando De Amor;1;2
72;Angela;1;2
73;Corcovado (Quiet Nights Of Quiet Stars);1;2
74;Outra Vez;1;2
75;O Boto (Bôto);1;2
76;Canta, Canta Mais;1;2
77;Enter Sandman;1;3
78;Master Of Puppets;1;3
79;Harvester Of Sorrow;1;3
80;The Unforgiven;1;3
81;Sad But True;1;3
82;Creeping Death;1;3
83;Wherever I May Roam;1;3
84;Welcome Home (Sanitarium);1;3
85;Cochise;1;1
86;Show Me How to Live;1;1
87;Gasoline;1;1
88;What You Are;1;1
89;Like a Stone;1;1
90;Set It Off;1;1
91;Shadow on the Sun;1;1
92;I am the Highway;1;1
93;Exploder;1;1
94;Hypnotize;1;1
95;Bring'em Back Alive;1;1
96;Light My Way;1;1
97;Getaway Car;1;1
98;The Last Remaining Light;1;1
99;Your Time Has Come;1;4
100;Out Of Exile;1;4
101;Be Yourself;1;4
102;Doesn't Remind Me;1;4
103;Drown Me Slowly;1;4
104;Heaven's Dead;1;4
105;The Worm;1;4
106;Man Or Animal;1;4
107;Yesterday To Tomorrow;1;4
108;Dandelion;1;4
109;#1 Zero;1;4
110;The Curse;1;4
111;Money;1;5
112;Long Tall Sally;1;5
113;Bad Boy;1;5
114;Twist And Shout;1;5
115;Please Mr. Postman;1;5
116;C'Mon Everybody;1;5
117;Rock 'N' Roll Music;1;5
118;Slow Down;1;5
119;Roadrunner;1;5
120;Carol;1;5
121;Good Golly Miss Molly;1;5
122;20 Flight Rock;1;5
123;Quadrant;1;2
124;Snoopy's search-Red baron;1;2
125;Spanish moss-"A sound portrait"-Spanish moss;1;2
126;Moon germs;1;2
127;Stratus;1;2
128;The pleasant pheasant;1;2
129;Solo-Panhandler;1;2
130;Do what cha wanna;1;2
131;Intro/ Low Down;1;3
132;13 Years Of Grief;1;3
133;Stronger Than Death;1;3
134;All For You;1;3
135;Super Terrorizer;1;3
136;Phoney Smile Fake Hellos;1;3
137;Lost My Better Half;1;3
138;Bored To Tears;1;3
139;A.N.D.R.O.T.A.Z.;1;3
140;Born To Booze;1;3
141;World Of Trouble;1;3
142;No More Tears;1;3
143;The Begining... At Last;1;3
144;Heart Of Gold;1;3
145;Snowblind;1;3
146;Like A Bird;1;3
147;Blood In The Wall;1;3
148;The Beginning...At Last;1;3
149;Black Sabbath;1;3
150;The Wizard;1;3
151;Behind The Wall Of Sleep;1;3
152;N.I.B.;1;3
153;Evil Woman;1;3
154;Sleeping Village;1;3
155;Warning;1;3
156;Wheels Of Confusion / The Straightener;1;3
157;Tomorrow's Dream;1;3
158;Changes;1;3
159;FX;1;3
160;Supernaut;1;3
161;Snowblind;1;3
162;Cornucopia;1;3
163;Laguna Sunrise;1;3
164;St. Vitus Dance;1;3
165;Under The Sun/Every Day Comes and Goes;1;3
166;Smoked Pork;1;4
167;Body Count's In The House;1;4
168;Now Sports;1;4
169;Body Count;1;4
170;A Statistic;1;4
171;Bowels Of The Devil;1;4
172;The Real Problem;1;4
173;KKK Bitch;1;4
174;D Note;1;4
175;Voodoo;1;4
176;The Winner Loses;1;4
177;There Goes The Neighborhood;1;4
178;Oprah;1;4
179;Evil Dick;1;4
180;Body Count Anthem;1;4
181;Momma's Gotta Die Tonight;1;4
182;Freedom Of Speech;1;4
183;King In Crimson;1;3
184;Chemical Wedding;1;3
185;The Tower;1;3
186;Killing Floor;1;3
187;Book Of Thel;1;3
188;Gates Of Urizen;1;3
189;Jerusalem;1;3
190;Trupets Of Jericho;1;3
191;Machine Men;1;3
192;The Alchemist;1;3
193;Realword;1;3
194;First Time I Met The Blues;1;6
195;Let Me Love You Baby;1;6
196;Stone Crazy;1;6
197;Pretty Baby;1;6
198;When My Left Eye Jumps;1;6
199;Leave My Girl Alone;1;6
200;She Suits Me To A Tee;1;6
201;Keep It To Myself (Aka Keep It To Yourself);1;6
202;My Time After Awhile;1;6
203;Too Many Ways (Alternate);1;6
204;Talkin' 'Bout Women Obviously;1;6
205;Jorge Da Capadócia;1;7
206;Prenda Minha;1;7
207;Meditação;1;7
208;Terra;1;7
209;Eclipse Oculto;1;7
210;Texto "Verdade Tropical";1;7
211;Bem Devagar;1;7
212;Drão;1;7
213;Saudosismo;1;7
214;Carolina;1;7
215;Sozinho;1;7
216;Esse Cara;1;7
217;Mel;1;7
218;Linha Do Equador;1;7
219;Odara;1;7
220;A Luz De Tieta;1;7
221;Atrás Da Verd-E-Rosa Só Não Vai Quem Já Morreu;1;7
222;Vida Boa;1;7
223;Sozinho (Hitmakers Classic Mix);1;7
224;Sozinho (Hitmakers Classic Radio Edit);1;7
225;Sozinho (Caêdrum 'n' Bass);1;7
226;Carolina;1;7
227;Essa Moça Ta Diferente;1;7
228;Vai Passar;1;7
229;Samba De Orly;1;7
230;Bye, Bye Brasil;1;7
231;Atras Da Porta;1;7
232;Tatuagem;1;7
233;O Que Será (À Flor Da Terra);1;7
234;Morena De Angola;1;7
235;Apesar De Você;1;7
236;A Banda;1;7
237;Minha Historia;1;7
238;Com Açúcar E Com Afeto;1;7
239;Brejo Da Cruz;1;7
240;Meu Caro Amigo;1;7
241;Geni E O Zepelim;1;7
242;Trocando Em Miúdos;1;7
243;Vai Trabalhar Vagabundo;1;7
244;Gota D'água;1;7
245;Construção / Deus Lhe Pague;1;7
246;Mateus Enter;1;7
247;O Cidadão Do Mundo;1;7
248;Etnia;1;7
249;Quilombo Groove [Instrumental];1;7
250;Macô;1;7
251;Um Passeio No Mundo Livre;1;7
252;Samba Do Lado;1;7
253;Maracatu Atômico;1;7
254;O Encontro De Isaac Asimov Com Santos Dumont No Céu;1;7
255;Corpo De Lama;1;7
256;Sobremesa;1;7
257;Manguetown;1;7
258;Um Satélite Na Cabeça;1;7
259;Baião Ambiental [Instrumental];1;7
260;Sangue De Bairro;1;7
261;Enquanto O Mundo Explode;1;7
262;Interlude Zumbi;1;7
263;Criança De Domingo;1;7
264;Amor De Muito;1;7
265;Samidarish [Instrumental];1;7
266;Maracatu Atômico [Atomic Version];1;7
267;Maracatu Atômico [Ragga Mix];1;7
268;Maracatu Atômico [Trip Hop];1;7
269;Banditismo Por Uma Questa;1;7
270;Banditismo Por Uma Questa;1;7
271;Rios Pontes & Overdrives;1;7
272;Cidade;1;7
273;Praiera;1;7
274;Samba Makossa;1;7
275;Da Lama Ao Caos;1;7
276;Maracatu De Tiro Certeiro;1;7
277;Salustiano Song;1;7
278;Antene Se;1;7
279;Risoflora;1;7
280;Lixo Do Mangue;1;7
281;Computadores Fazem Arte;1;7
282;Girassol;1;8
283;A Sombra Da Maldade;1;8
284;Johnny B. Goode;1;8
285;Soldado Da Paz;1;8
286;Firmamento;1;8
287;Extra;1;8
288;O Erê;1;8
289;Podes Crer;1;8
290;A Estrada;1;8
291;Berlim;1;8
292;Já Foi;1;8
293;Onde Você Mora?;1;8
294;Pensamento;1;8
295;Conciliação;1;8
296;Realidade Virtual;1;8
297;Mensagem;1;8
298;A Cor Do Sol;1;8
299;Onde Você Mora?;1;8
300;O Erê;1;8
301;A Sombra Da Maldade;1;8
302;A Estrada;1;8
303;Falar A Verdade;1;8
304;Firmamento;1;8
305;Pensamento;1;8
306;Realidade Virtual;1;8
307;Doutor;1;8
308;Na Frente Da TV;1;8
309;Downtown;1;8
310;Sábado A Noite;1;8
311;A Cor Do Sol;1;8
312;Eu Também Quero Beijar;1;8
313;Noite Do Prazer;1;7
314;À Francesa;1;7
315;Cada Um Cada Um (A Namoradeira);1;7
316;Linha Do Equador;1;7
317;Amor Demais;1;7
318;Férias;1;7
319;Gostava Tanto De Você;1;7
320;Flor Do Futuro;1;7
321;Felicidade Urgente;1;7
322;Livre Pra Viver;1;7
323;Dig-Dig, Lambe-Lambe (Ao Vivo);1;9
324;Pererê;1;9
325;TriboTchan;1;9
326;Tapa Aqui, Descobre Ali;1;9
327;Daniela;1;9
328;Bate Lata;1;9
329;Garotas do Brasil;1;9
330;Levada do Amor (Ailoviu);1;9
331;Lavadeira;1;9
332;Reboladeira;1;9
333;É que Nessa Encarnação Eu Nasci Manga;1;9
334;Reggae Tchan;1;9
335;My Love;1;9
336;Latinha de Cerveja;1;9
337;You Shook Me;1;1
338;I Can't Quit You Baby;1;1
339;Communication Breakdown;1;1
340;Dazed and Confused;1;1
341;The Girl I Love She Got Long Black Wavy Hair;1;1
342;What is and Should Never Be;1;1
343;Communication Breakdown(2);1;1
344;Travelling Riverside Blues;1;1
345;Whole Lotta Love;1;1
346;Somethin' Else;1;1
347;Communication Breakdown(3);1;1
348;I Can't Quit You Baby(2);1;1
349;You Shook Me(2);1;1
350;How Many More Times;1;1
351;Debra Kadabra;1;1
352;Carolina Hard-Core Ecstasy;1;1
353;Sam With The Showing Scalp Flat Top;1;1
354;Poofter's Froth Wyoming Plans Ahead;1;1
355;200 Years Old;1;1
356;Cucamonga;1;1
357;Advance Romance;1;1
358;Man With The Woman Head;1;1
359;Muffin Man;1;1
360;Vai-Vai 2001;1;10
361;X-9 2001;1;10
362;Gavioes 2001;1;10
363;Nene 2001;1;10
364;Rosas De Ouro 2001;1;10
365;Mocidade Alegre 2001;1;10
366;Camisa Verde 2001;1;10
367;Leandro De Itaquera 2001;1;10
368;Tucuruvi 2001;1;10
369;Aguia De Ouro 2001;1;10
370;Ipiranga 2001;1;10
371;Morro Da Casa Verde 2001;1;10
372;Perola Negra 2001;1;10
373;Sao Lucas 2001;1;10
374;Guanabara;1;7
375;Mas Que Nada;1;7
376;Vôo Sobre o Horizonte;1;7
377;A Paz;1;7
378;Wave (Vou te Contar);1;7
379;Água de Beber;1;7
380;Samba da Bençaco;1;7
381;Pode Parar;1;7
382;Menino do Rio;1;7
383;Ando Meio Desligado;1;7
384;Mistério da Raça;1;7
385;All Star;1;7
386;Menina Bonita;1;7
387;Pescador de Ilusões;1;7
388;À Vontade (Live Mix);1;7
389;Maria Fumaça;1;7
390;Sambassim (dj patife remix);1;7
391;Garota De Ipanema;1;7
392;Tim Tim Por Tim Tim;1;7
393;Tarde Em Itapoã;1;7
394;Tanto Tempo;1;7
395;Eu Vim Da Bahia - Live;1;7
396;Alô Alô Marciano;1;7
397;Linha Do Horizonte;1;7
398;Only A Dream In Rio;1;7
399;Abrir A Porta;1;7
400;Alice;1;7
401;Momentos Que Marcam;1;7
402;Um Jantar Pra Dois;1;7
403;Bumbo Da Mangueira;1;7
404;Mr Funk Samba;1;7
405;Santo Antonio;1;7
406;Por Você;1;7
407;Só Tinha De Ser Com Você;1;7
408;Free Speech For The Dumb;1;3
409;It's Electric;1;3
410;Sabbra Cadabra;1;3
411;Turn The Page;1;3
412;Die Die My Darling;1;3
413;Loverman;1;3
414;Mercyful Fate;1;3
415;Astronomy;1;3
416;Whiskey In The Jar;1;3
417;Tuesday's Gone;1;3
418;The More I See;1;3
419;A Kind Of Magic;1;1
420;Under Pressure;1;1
421;Radio GA GA;1;1
422;I Want It All;1;1
423;I Want To Break Free;1;1
424;Innuendo;1;1
425;It's A Hard Life;1;1
426;Breakthru;1;1
427;Who Wants To Live Forever;1;1
428;Headlong;1;1
429;The Miracle;1;1
430;I'm Going Slightly Mad;1;1
431;The Invisible Man;1;1
432;Hammer To Fall;1;1
433;Friends Will Be Friends;1;1
434;The Show Must Go On;1;1
435;One Vision;1;1
436;Detroit Rock City;1;1
437;Black Diamond;1;1
438;Hard Luck Woman;1;1
439;Sure Know Something;1;1
440;Love Gun;1;1
441;Deuce;1;1
442;Goin' Blind;1;1
443;Shock Me;1;1
444;Do You Love Me;1;1
445;She;1;1
446;I Was Made For Loving You;1;1
447;Shout It Out Loud;1;1
448;God Of Thunder;1;1
449;Calling Dr. Love;1;1
450;Beth;1;1
451;Strutter;1;1
452;Rock And Roll All Nite;1;1
453;Cold Gin;1;1
454;Plaster Caster;1;1
455;God Gave Rock 'n' Roll To You;1;1
456;Heart of the Night;1;2
457;De La Luz;1;2
458;Westwood Moon;1;2
459;Midnight;1;2
460;Playtime;1;2
461;Surrender;1;2
462;Valentino's;1;2
463;Believe;1;2
464;As We Sleep;1;2
465;When Evening Falls;1;2
466;J Squared;1;2
467;Best Thing;1;2
468;Maria;1;4
469;Poprocks And Coke;1;4
470;Longview;1;4
471;Welcome To Paradise;1;4
472;Basket Case;1;4
473;When I Come Around;1;4
474;She;1;4
475;J.A.R. (Jason Andrew Relva);1;4
476;Geek Stink Breath;1;4
477;Brain Stew;1;4
478;Jaded;1;4
479;Walking Contradiction;1;4
480;Stuck With Me;1;4
481;Hitchin' A Ride;1;4
482;Good Riddance (Time Of Your Life);1;4
483;Redundant;1;4
484;Nice Guys Finish Last;1;4
485;Minority;1;4
486;Warning;1;4
487;Waiting;1;4
488;Macy's Day Parade;1;4
489;Into The Light;1;1
490;River Song;1;1
491;She Give Me ...;1;1
492;Don't You Cry;1;1
493;Love Is Blind;1;1
494;Slave;1;1
495;Cry For Love;1;1
496;Living On Love;1;1
497;Midnight Blue;1;1
498;Too Many Tears;1;1
499;Don't Lie To Me;1;1
500;Wherever You May Go;1;1
501;Grito De Alerta;1;7
502;Não Dá Mais Pra Segurar (Explode Coração);1;7
503;Começaria Tudo Outra Vez;1;7
504;O Que É O Que É ?;1;7
505;Sangrando;1;7
506;Diga Lá, Coração;1;7
507;Lindo Lago Do Amor;1;7
508;Eu Apenas Queria Que Voçê Soubesse;1;7
509;Com A Perna No Mundo;1;7
510;E Vamos À Luta;1;7
511;Um Homem Também Chora (Guerreiro Menino);1;7
512;Comportamento Geral;1;7
513;Ponto De Interrogação;1;7
514;Espere Por Mim, Morena;1;7
515;Meia-Lua Inteira;1;7
516;Voce e Linda;1;7
517;Um Indio;1;7
518;Podres Poderes;1;7
519;Voce Nao Entende Nada - Cotidiano;1;7
520;O Estrangeiro;1;7
521;Menino Do Rio;1;7
522;Qualquer Coisa;1;7
523;Sampa;1;7
524;Queixa;1;7
525;O Leaozinho;1;7
526;Fora Da Ordem;1;7
527;Terra;1;7
528;Alegria, Alegria;1;7
529;Balada Do Louco;1;4
530;Ando Meio Desligado;1;4
531;Top Top;1;4
532;Baby;1;4
533;A E O Z;1;4
534;Panis Et Circenses;1;4
535;Chão De Estrelas;1;4
536;Vida De Cachorro;1;4
537;Bat Macumba;1;4
538;Desculpe Babe;1;4
539;Rita Lee;1;4
540;Posso Perder Minha Mulher, Minha Mãe, Desde Que Eu Tenha O Rock And Roll;1;4
541;Banho De Lua;1;4
542;Meu Refrigerador Não Funciona;1;4
543;Burn;1;1
544;Stormbringer;1;1
545;Gypsy;1;1
546;Lady Double Dealer;1;1
547;Mistreated;1;1
548;Smoke On The Water;1;1
549;You Fool No One;1;1
550;Custard Pie;1;1
551;The Rover;1;1
552;In My Time Of Dying;1;1
553;Houses Of The Holy;1;1
554;Trampled Under Foot;1;1
555;Kashmir;1;1
556;Imperatriz;1;7
557;Beija-Flor;1;7
558;Viradouro;1;7
559;Mocidade;1;7
560;Unidos Da Tijuca;1;7
561;Salgueiro;1;7
562;Mangueira;1;7
563;União Da Ilha;1;7
564;Grande Rio;1;7
565;Portela;1;7
566;Caprichosos;1;7
567;Tradição;1;7
568;Império Serrano;1;7
569;Tuiuti;1;7
570;(Da Le) Yaleo;1;1
571;Love Of My Life;1;1
572;Put Your Lights On;1;1
573;Africa Bamba;1;1
574;Smooth;1;1
575;Do You Like The Way;1;1
576;Maria Maria;1;1
577;Migra;1;1
578;Corazon Espinado;1;1
579;Wishing It Was;1;1
580;El Farol;1;1
581;Primavera;1;1
582;The Calling;1;1
583;Solução;1;7
584;Manuel;1;7
585;Entre E Ouça;1;7
586;Um Contrato Com Deus;1;7
587;Um Jantar Pra Dois;1;7
588;Vamos Dançar;1;7
589;Um Love;1;7
590;Seis Da Tarde;1;7
591;Baixo Rio;1;7
592;Sombras Do Meu Destino;1;7
593;Do You Have Other Loves?;1;7
594;Agora Que O Dia Acordou;1;7
595;Já!!!;1;7
596;A Rua;1;7
597;Now's The Time;1;2
598;Jeru;1;2
599;Compulsion;1;2
600;Tempus Fugit;1;2
601;Walkin;1;2
602;'Round Midnight;1;2
603;Bye Bye Blackbird;1;2
604;New Rhumba;1;2
605;Generique;1;2
606;Summertime;1;2
607;So What;1;2
608;The Pan Piper;1;2
609;Someday My Prince Will Come;1;2
610;My Funny Valentine (Live);1;2
611;E.S.P.;1;2
612;Nefertiti;1;2
613;Petits Machins (Little Stuff);1;2
614;Miles Runs The Voodoo Down;1;2
615;Little Church (Live);1;2
616;Black Satin;1;2
617;Jean Pierre (Live);1;2
618;Time After Time;1;2
619;Portia;1;2
620;Space Truckin;1;1
621;Going Down / Highway Star;1;1
622;Mistreated (Alternate Version);1;1
623;You Fool No One (Alternate Version);1;1
624;Jeepers Creepers;1;2
625;Blue Rythm Fantasy;1;2
626;Drum Boogie;1;2
627;Let Me Off Uptown;1;2
628;Leave Us Leap;1;2
629;Opus No.1;1;2
630;Boogie Blues;1;2
631;How High The Moon;1;2
632;Disc Jockey Jump;1;2
633;Up An' Atom;1;2
634;Bop Boogie;1;2
635;Lemon Drop;1;2
636;Coronation Drop;1;2
637;Overtime;1;2
638;Imagination;1;2
639;Don't Take Your Love From Me;1;2
640;Midget;1;2
641;I'm Coming Virginia;1;2
642;Payin' Them Dues Blues;1;2
643;Jungle Drums;1;2
644;Showcase;1;2
645;Swedish Schnapps;1;2
646;Samba Da Bênção;1;11
647;Pot-Pourri N.º 4;1;11
648;Onde Anda Você;1;11
649;Samba Da Volta;1;11
650;Canto De Ossanha;1;11
651;Pot-Pourri N.º 5;1;11
652;Formosa;1;11
653;Como É Duro Trabalhar;1;11
654;Minha Namorada;1;11
655;Por Que Será;1;11
656;Berimbau;1;11
657;Deixa;1;11
658;Pot-Pourri N.º 2;1;11
659;Samba Em Prelúdio;1;11
660;Carta Ao Tom 74;1;11
661;Linha de Passe (João Bosco);1;7
662;Pela Luz dos Olhos Teus (Miúcha e Tom Jobim);1;7
663;Chão de Giz (Elba Ramalho);1;7
664;Marina (Dorival Caymmi);1;7
665;Aquarela (Toquinho);1;7
666;Coração do Agreste (Fafá de Belém);1;7
667;Dona (Roupa Nova);1;7
668;Começaria Tudo Outra Vez (Maria Creuza);1;7
669;Caçador de Mim (Sá & Guarabyra);1;7
670;Romaria (Renato Teixeira);1;7
671;As Rosas Não Falam (Beth Carvalho);1;7
672;Wave (Os Cariocas);1;7
673;Garota de Ipanema (Dick Farney);1;7
674;Preciso Apender a Viver Só (Maysa);1;7
675;Susie Q;1;1
676;I Put A Spell On You;1;1
677;Proud Mary;1;1
678;Bad Moon Rising;1;1
679;Lodi;1;1
680;Green River;1;1
681;Commotion;1;1
682;Down On The Corner;1;1
683;Fortunate Son;1;1
684;Travelin' Band;1;1
685;Who'll Stop The Rain;1;1
686;Up Around The Bend;1;1
687;Run Through The Jungle;1;1
688;Lookin' Out My Back Door;1;1
689;Long As I Can See The Light;1;1
690;I Heard It Through The Grapevine;1;1
691;Have You Ever Seen The Rain?;1;1
692;Hey Tonight;1;1
693;Sweet Hitch-Hiker;1;1
694;Someday Never Comes;1;1
695;Walking On The Water;1;1
696;Suzie-Q, Pt. 2;1;1
697;Born On The Bayou;1;1
698;Good Golly Miss Molly;1;1
699;Tombstone Shadow;1;1
700;Wrote A Song For Everyone;1;1
701;Night Time Is The Right Time;1;1
702;Cotton Fields;1;1
703;It Came Out Of The Sky;1;1
704;Don't Look Now;1;1
705;The Midnight Special;1;1
706;Before You Accuse Me;1;1
707;My Baby Left Me;1;1
708;Pagan Baby;1;1
709;(Wish I Could) Hideaway;1;1
710;It's Just A Thought;1;1
711;Molina;1;1
712;Born To Move;1;1
713;Lookin' For A Reason;1;1
714;Hello Mary Lou;1;1
715;Gatas Extraordinárias;1;7
716;Brasil;1;7
717;Eu Sou Neguinha (Ao Vivo);1;7
718;Geração Coca-Cola (Ao Vivo);1;7
719;Lanterna Dos Afogados;1;7
720;Coroné Antonio Bento;1;7
721;Você Passa, Eu Acho Graça (Ao Vivo);1;7
722;Meu Mundo Fica Completo (Com Você);1;7
723;1° De Julho;1;7
724;Música Urbana 2;1;7
725;Vida Bandida (Ao Vivo);1;7
726;Palavras Ao Vento;1;7
727;Não Sei O Que Eu Quero Da Vida;1;7
728;Woman Of The World (Ao Vivo);1;7
729;Juventude Transviada (Ao Vivo);1;7
730;Malandragem;1;7
731;O Segundo Sol;1;7
732;Smells Like Teen Spirit (Ao Vivo);1;7
733;E.C.T.;1;7
734;Todo Amor Que Houver Nesta Vida;1;7
735;Metrô. Linha 743;1;7
736;Nós (Ao Vivo);1;7
737;Na Cadência Do Samba;1;7
738;Admirável Gado Novo;1;7
739;Eleanor Rigby;1;7
740;Socorro;1;7
741;Blues Da Piedade;1;7
742;Rubens;1;7
743;Não Deixe O Samba Morrer - Cassia Eller e Alcione;1;7
744;Mis Penas Lloraba Yo (Ao Vivo) Soy Gitano (Tangos);1;7
745;Comin' Home;1;1
746;Lady Luck;1;1
747;Gettin' Tighter;1;1
748;Dealer;1;1
749;I Need Love;1;1
750;Drifter;1;1
751;Love Child;1;1
752;This Time Around / Owed to 'G' [Instrumental];1;1
753;You Keep On Moving;1;1
754;Speed King;1;1
755;Bloodsucker;1;1
756;Child In Time;1;1
757;Flight Of The Rat;1;1
758;Into The Fire;1;1
759;Living Wreck;1;1
760;Hard Lovin' Man;1;1
761;Fireball;1;1
762;No No No;1;1
763;Strange Kind Of Woman;1;1
764;Anyone's Daughter;1;1
765;The Mule;1;1
766;Fools;1;1
767;No One Came;1;1
768;Knocking At Your Back Door;1;1
769;Bad Attitude;1;1
770;Child In Time (Son Of Aleric - Instrumental);1;1
771;Nobody's Home;1;1
772;Black Night;1;1
773;Perfect Strangers;1;1
774;The Unwritten Law;1;1
775;Call Of The Wild;1;1
776;Hush;1;1
777;Smoke On The Water;1;1
778;Space Trucking;1;1
779;Highway Star;1;1
780;Maybe I'm A Leo;1;1
781;Pictures Of Home;1;1
782;Never Before;1;1
783;Smoke On The Water;1;1
784;Lazy;1;1
785;Space Truckin;1;1
786;Vavoom : Ted The Mechanic;1;1
787;Loosen My Strings;1;1
788;Soon Forgotten;1;1
789;Sometimes I Feel Like Screaming;1;1
790;Cascades : I'm Not Your Lover;1;1
791;The Aviator;1;1
792;Rosa's Cantina;1;1
793;A Castle Full Of Rascals;1;1
794;A Touch Away;1;1
795;Hey Cisco;1;1
796;Somebody Stole My Guitar;1;1
797;The Purpendicular Waltz;1;1
798;King Of Dreams;1;1
799;The Cut Runs Deep;1;1
800;Fire In The Basement;1;1
801;Truth Hurts;1;1
802;Breakfast In Bed;1;1
803;Love Conquers All;1;1
804;Fortuneteller;1;1
805;Too Much Is Not Enough;1;1
806;Wicked Ways;1;1
807;Stormbringer;1;1
808;Love Don't Mean a Thing;1;1
809;Holy Man;1;1
810;Hold On;1;1
811;Lady Double Dealer;1;1
812;You Can't Do it Right (With the One You Love);1;1
813;High Ball Shooter;1;1
814;The Gypsy;1;1
815;Soldier Of Fortune;1;1
816;The Battle Rages On;1;1
817;Lick It Up;1;1
818;Anya;1;1
819;Talk About Love;1;1
820;Time To Kill;1;1
821;Ramshackle Man;1;1
822;A Twist In The Tail;1;1
823;Nasty Piece Of Work;1;1
824;Solitaire;1;1
825;One Man's Meat;1;1
826;Pour Some Sugar On Me;1;1
827;Photograph;1;1
828;Love Bites;1;1
829;Let's Get Rocked;1;1
830;Two Steps Behind [Acoustic Version];1;1
831;Animal;1;1
832;Heaven Is;1;1
833;Rocket;1;1
834;When Love & Hate Collide;1;1
835;Action;1;1
836;Make Love Like A Man;1;1
837;Armageddon It;1;1
838;Have You Ever Needed Someone So Bad;1;1
839;Rock Of Ages;1;1
840;Hysteria;1;1
841;Bringin' On The Heartbreak;1;1
842;Roll Call;1;2
843;Otay;1;2
844;Groovus Interruptus;1;2
845;Paris On Mine;1;2
846;In Time;1;2
847;Plan B;1;2
848;Outbreak;1;2
849;Baltimore, DC;1;2
850;Talkin Loud and Saying Nothin;1;2
851;Pétala;1;7
852;Meu Bem-Querer;1;7
853;Cigano;1;7
854;Boa Noite;1;7
855;Fato Consumado;1;7
856;Faltando Um Pedaço;1;7
857;Álibi;1;7
858;Esquinas;1;7
859;Se...;1;7
860;Eu Te Devoro;1;7
861;Lilás;1;7
862;Acelerou;1;7
863;Um Amor Puro;1;7
864;Samurai;1;7
865;Nem Um Dia;1;7
866;Oceano;1;7
867;Açai;1;7
868;Serrado;1;7
869;Flor De Lis;1;7
870;Amar É Tudo;1;7
871;Azul;1;7
872;Seduzir;1;7
873;A Carta;1;7
874;Sina;1;7
875;Acelerou;1;7
876;Um Amor Puro;1;7
877;O Bêbado e a Equilibrista;1;7
878;O Mestre-Sala dos Mares;1;7
879;Atrás da Porta;1;7
880;Dois Pra Lá, Dois Pra Cá;1;7
881;Casa no Campo;1;7
882;Romaria;1;7
883;Alô, Alô, Marciano;1;7
884;Me Deixas Louca;1;7
885;Fascinação;1;7
886;Saudosa Maloca;1;7
887;As Aparências Enganam;1;7
888;Madalena;1;7
889;Maria Rosa;1;7
890;Aprendendo A Jogar;1;7
891;Layla;1;6
892;Badge;1;6
893;I Feel Free;1;6
894;Sunshine Of Your Love;1;6
895;Crossroads;1;6
896;Strange Brew;1;6
897;White Room;1;6
898;Bell Bottom Blues;1;6
899;Cocaine;1;6
900;I Shot The Sheriff;1;6
901;After Midnight;1;6
902;Swing Low Sweet Chariot;1;6
903;Lay Down Sally;1;6
904;Knockin On Heavens Door;1;6
905;Wonderful Tonight;1;6
906;Let It Grow;1;6
907;Promises;1;6
908;I Can't Stand It;1;6
909;Signe;1;6
910;Before You Accuse Me;1;6
911;Hey Hey;1;6
912;Tears In Heaven;1;6
913;Lonely Stranger;1;6
914;Nobody Knows You When You're Down & Out;1;6
915;Layla;1;6
916;Running On Faith;1;6
917;Walkin' Blues;1;6
918;Alberta;1;6
919;San Francisco Bay Blues;1;6
920;Malted Milk;1;6
921;Old Love;1;6
922;Rollin' And Tumblin;1;6
923;Collision;1;4
924;Stripsearch;1;4
925;Last Cup Of Sorrow;1;4
926;Naked In Front Of The Computer;1;4
927;Helpless;1;4
928;Mouth To Mouth;1;4
929;Ashes To Ashes;1;4
930;She Loves Me Not;1;4
931;Got That Feeling;1;4
932;Paths Of Glory;1;4
933;Home Sick Home;1;4
934;Pristina;1;4
935;Land Of Sunshine;1;4
936;Caffeine;1;4
937;Midlife Crisis;1;4
938;RV;1;4
939;Smaller And Smaller;1;4
940;Everything's Ruined;1;4
941;Malpractice;1;4
942;Kindergarten;1;4
943;Be Aggressive;1;4
944;A Small Victory;1;4
945;Crack Hitler;1;4
946;Jizzlobber;1;4
947;Midnight Cowboy;1;4
948;Easy;1;4
949;Get Out;1;1
950;Ricochet;1;1
951;Evidence;1;1
952;The Gentle Art Of Making Enemies;1;1
953;Star A.D.;1;1
954;Cuckoo For Caca;1;1
955;Caralho Voador;1;1
956;Ugly In The Morning;1;1
957;Digging The Grave;1;1
958;Take This Bottle;1;1
959;King For A Day;1;1
960;What A Day;1;1
961;The Last To Know;1;1
962;Just A Man;1;1
963;Absolute Zero;1;1
964;From Out Of Nowhere;1;4
965;Epic;1;4
966;Falling To Pieces;1;4
967;Surprise! You're Dead!;1;4
968;Zombie Eaters;1;4
969;The Real Thing;1;4
970;Underwater Love;1;4
971;The Morning After;1;4
972;Woodpecker From Mars;1;4
973;War Pigs;1;4
974;Edge Of The World;1;4
975;Deixa Entrar;1;7
976;Falamansa Song;1;7
977;Xote Dos Milagres;1;7
978;Rindo À Toa;1;7
979;Confidência;1;7
980;Forró De Tóquio;1;7
981;Zeca Violeiro;1;7
982;Avisa;1;7
983;Principiando/Decolagem;1;7
984;Asas;1;7
985;Medo De Escuro;1;7
986;Oração;1;7
987;Minha Gata;1;7
988;Desaforo;1;7
989;In Your Honor;1;1
990;No Way Back;1;1
991;Best Of You;1;1
992;DOA;1;1
993;Hell;1;1
994;The Last Song;1;1
995;Free Me;1;1
996;Resolve;1;1
997;The Deepest Blues Are Black;1;1
998;End Over End;1;1
999;Still;1;1
1000;What If I Do?;1;1
1001;Miracle;1;1
1002;Another Round;1;1
1003;Friend Of A Friend;1;1
1004;Over And Out;1;1
1005;On The Mend;1;1
1006;Virginia Moon;1;1
1007;Cold Day In The Sun;1;1
1008;Razor;1;1
1009;All My Life;1;4
1010;Low;1;4
1011;Have It All;1;4
1012;Times Like These;1;4
1013;Disenchanted Lullaby;1;4
1014;Tired Of You;1;4
1015;Halo;1;4
1016;Lonely As You;1;4
1017;Overdrive;1;4
1018;Burn Away;1;4
1019;Come Back;1;4
1020;Doll;1;1
1021;Monkey Wrench;1;1
1022;Hey, Johnny Park!;1;1
1023;My Poor Brain;1;1
1024;Wind Up;1;1
1025;Up In Arms;1;1
1026;My Hero;1;1
1027;See You;1;1
1028;Enough Space;1;1
1029;February Stars;1;1
1030;Everlong;1;1
1031;Walking After You;1;1
1032;New Way Home;1;1
1033;My Way;1;12
1034;Strangers In The Night;1;12
1035;New York, New York;1;12
1036;I Get A Kick Out Of You;1;12
1037;Something Stupid;1;12
1038;Moon River;1;12
1039;What Now My Love;1;12
1040;Summer Love;1;12
1041;For Once In My Life;1;12
1042;Love And Marriage;1;12
1043;They Can't Take That Away From Me;1;12
1044;My Kind Of Town;1;12
1045;Fly Me To The Moon;1;12
1046;I've Got You Under My Skin;1;12
1047;The Best Is Yet To Come;1;12
1048;It Was A Very Good Year;1;12
1049;Come Fly With Me;1;12
1050;That's Life;1;12
1051;The Girl From Ipanema;1;12
1052;The Lady Is A Tramp;1;12
1053;Bad, Bad Leroy Brown;1;12
1054;Mack The Knife;1;12
1055;Loves Been Good To Me;1;12
1056;L.A. Is My Lady;1;12
1057;Entrando Na Sua (Intro);1;7
1058;Nervosa;1;7
1059;Funk De Bamba (Com Fernanda Abreu);1;7
1060;Call Me At Cleo´s;1;7
1061;Olhos Coloridos (Com Sandra De Sá);1;7
1062;Zambação;1;7
1063;Funk Hum;1;7
1064;Forty Days (Com DJ Hum);1;7
1065;Balada Da Paula;1;7
1066;Dujji;1;7
1067;Meu Guarda-Chuva;1;7
1068;Motéis;1;7
1069;Whistle Stop;1;7
1070;16 Toneladas;1;7
1071;Divirta-Se (Saindo Da Sua);1;7
1072;Forty Days Instrumental;1;7
1073;Óia Eu Aqui De Novo;1;10
1074;Baião Da Penha;1;10
1075;Esperando Na Janela;1;10
1076;Juazeiro;1;10
1077;Último Pau-De-Arara;1;10
1078;Asa Branca;1;10
1079;Qui Nem Jiló;1;10
1080;Assum Preto;1;10
1081;Pau-De-Arara;1;10
1082;A Volta Da Asa Branca;1;10
1083;O Amor Daqui De Casa;1;10
1084;As Pegadas Do Amor;1;10
1085;Lamento Sertanejo;1;10
1086;Casinha Feliz;1;10
1087;Introdução (Live);1;7
1088;Palco (Live);1;7
1089;Is This Love (Live);1;7
1090;Stir It Up (Live);1;7
1091;Refavela (Live);1;7
1092;Vendedor De Caranguejo (Live);1;7
1093;Quanta (Live);1;7
1094;Estrela (Live);1;7
1095;Pela Internet (Live);1;7
1096;Cérebro Eletrônico (Live);1;7
1097;Opachorô (Live);1;7
1098;Copacabana (Live);1;7
1099;A Novidade (Live);1;7
1100;Ghandi (Live);1;7
1101;De Ouro E Marfim (Live);1;7
1102;Doce De Carnaval (Candy All);1;2
1103;Lamento De Carnaval;1;2
1104;Pretinha;1;2
1105;A Novidade;1;7
1106;Tenho Sede;1;7
1107;Refazenda;1;7
1108;Realce;1;7
1109;Esotérico;1;7
1110;Drão;1;7
1111;A Paz;1;7
1112;Beira Mar;1;7
1113;Sampa;1;7
1114;Parabolicamará;1;7
1115;Tempo Rei;1;7
1116;Expresso 2222;1;7
1117;Aquele Abraço;1;7
1118;Palco;1;7
1119;Toda Menina Baiana;1;7
1120;Sítio Do Pica-Pau Amarelo;1;7
1121;Straight Out Of Line;1;3
1122;Faceless;1;3
1123;Changes;1;3
1124;Make Me Believe;1;3
1125;I Stand Alone;1;3
1126;Re-Align;1;3
1127;I Fucking Hate You;1;3
1128;Releasing The Demons;1;3
1129;Dead And Broken;1;3
1130;I Am;1;3
1131;The Awakening;1;3
1132;Serenity;1;3
1133;American Idiot;1;4
1134;Jesus Of Suburbia / City Of The Damned / I Don't Care / Dearly Beloved / Tales Of Another Broken Home;1;4
1135;Holiday;1;4
1136;Boulevard Of Broken Dreams;1;4
1137;Are We The Waiting;1;4
1138;St. Jimmy;1;4
1139;Give Me Novacaine;1;4
1140;She's A Rebel;1;4
1141;Extraordinary Girl;1;4
1142;Letterbomb;1;4
1143;Wake Me Up When September Ends;1;4
1144;Homecoming / The Death Of St. Jimmy / East 12th St. / Nobody Likes You / Rock And Roll Girlfriend / We're Coming Home Again;1;4
1145;Whatsername;1;4
1146;Welcome to the Jungle;2;1
1147;It's So Easy;2;1
1148;Nightrain;2;1
1149;Out Ta Get Me;2;1
1150;Mr. Brownstone;2;1
1151;Paradise City;2;1
1152;My Michelle;2;1
1153;Think About You;2;1
1154;Sweet Child O' Mine;2;1
1155;You're Crazy;2;1
1156;Anything Goes;2;1
1157;Rocket Queen;2;1
1158;Right Next Door to Hell;2;1
1159;Dust N' Bones;2;1
1160;Live and Let Die;2;1
1161;Don't Cry (Original);2;1
1162;Perfect Crime;2;1
1163;You Ain't the First;2;1
1164;Bad Obsession;2;1
1165;Back off Bitch;2;1
1166;Double Talkin' Jive;2;1
1167;November Rain;2;1
1168;The Garden;2;1
1169;Garden of Eden;2;1
1170;Don't Damn Me;2;1
1171;Bad Apples;2;1
1172;Dead Horse;2;1
1173;Coma;2;1
1174;Civil War;1;3
1175;14 Years;1;3
1176;Yesterdays;1;3
1177;Knockin' On Heaven's Door;1;3
1178;Get In The Ring;1;3
1179;Shotgun Blues;1;3
1180;Breakdown;1;3
1181;Pretty Tied Up;1;3
1182;Locomotive;1;3
1183;So Fine;1;3
1184;Estranged;1;3
1185;You Could Be Mine;1;3
1186;Don't Cry;1;3
1187;My World;1;3
1188;Colibri;1;2
1189;Love Is The Colour;1;2
1190;Magnetic Ocean;1;2
1191;Deep Waters;1;2
1192;L'Arc En Ciel De Miles;1;2
1193;Gypsy;1;2
1194;Journey Into Sunlight;1;2
1195;Sunchild;1;2
1196;Millenium;1;2
1197;Thinking 'Bout Tomorrow;1;2
1198;Jacob's Ladder;1;2
1199;She Wears Black;1;2
1200;Dark Side Of The Cog;1;2
1201;Different World;2;1
1202;These Colours Don't Run;2;1
1203;Brighter Than a Thousand Suns;2;1
1204;The Pilgrim;2;1
1205;The Longest Day;2;1
1206;Out of the Shadows;2;1
1207;The Reincarnation of Benjamin Breeg;2;1
1208;For the Greater Good of God;2;1
1209;Lord of Light;2;1
1210;The Legacy;2;1
1211;Hallowed Be Thy Name (Live) [Non Album Bonus Track];2;1
1212;The Number Of The Beast;1;3
1213;The Trooper;1;3
1214;Prowler;1;3
1215;Transylvania;1;3
1216;Remember Tomorrow;1;3
1217;Where Eagles Dare;1;3
1218;Sanctuary;1;3
1219;Running Free;1;3
1220;Run To The Hilss;1;3
1221;2 Minutes To Midnight;1;3
1222;Iron Maiden;1;3
1223;Hallowed Be Thy Name;1;3
1224;Be Quick Or Be Dead;1;3
1225;From Here To Eternity;1;3
1226;Can I Play With Madness;1;3
1227;Wasting Love;1;3
1228;Tailgunner;1;3
1229;The Evil That Men Do;1;3
1230;Afraid To Shoot Strangers;1;3
1231;Bring Your Daughter... To The Slaughter;1;3
1232;Heaven Can Wait;1;3
1233;The Clairvoyant;1;3
1234;Fear Of The Dark;1;3
1235;The Wicker Man;1;1
1236;Ghost Of The Navigator;1;1
1237;Brave New World;1;1
1238;Blood Brothers;1;1
1239;The Mercenary;1;1
1240;Dream Of Mirrors;1;1
1241;The Fallen Angel;1;1
1242;The Nomad;1;1
1243;Out Of The Silent Planet;1;1
1244;The Thin Line Between Love & Hate;1;1
1245;Wildest Dreams;1;13
1246;Rainmaker;1;13
1247;No More Lies;1;13
1248;Montsegur;1;13
1249;Dance Of Death;1;13
1250;Gates Of Tomorrow;1;13
1251;New Frontier;1;13
1252;Paschendale;1;13
1253;Face In The Sand;1;13
1254;Age Of Innocence;1;13
1255;Journeyman;1;13
1256;Be Quick Or Be Dead;1;1
1257;From Here To Eternity;1;1
1258;Afraid To Shoot Strangers;1;1
1259;Fear Is The Key;1;1
1260;Childhood's End;1;1
1261;Wasting Love;1;1
1262;The Fugitive;1;1
1263;Chains Of Misery;1;1
1264;The Apparition;1;1
1265;Judas Be My Guide;1;1
1266;Weekend Warrior;1;1
1267;Fear Of The Dark;1;1
1268;01 - Prowler;1;6
1269;02 - Sanctuary;1;6
1270;03 - Remember Tomorrow;1;6
1271;04 - Running Free;1;6
1272;05 - Phantom of the Opera;1;6
1273;06 - Transylvania;1;6
1274;07 - Strange World;1;6
1275;08 - Charlotte the Harlot;1;6
1276;09 - Iron Maiden;1;6
1277;The Ides Of March;1;13
1278;Wrathchild;1;13
1279;Murders In The Rue Morgue;1;13
1280;Another Life;1;13
1281;Genghis Khan;1;13
1282;Innocent Exile;1;13
1283;Killers;1;13
1284;Prodigal Son;1;13
1285;Purgatory;1;13
1286;Drifter;1;13
1287;Intro- Churchill S Speech;1;13
1288;Aces High;1;13
1289;2 Minutes To Midnight;1;3
1290;The Trooper;1;3
1291;Revelations;1;3
1292;Flight Of Icarus;1;3
1293;Rime Of The Ancient Mariner;1;3
1294;Powerslave;1;3
1295;The Number Of The Beast;1;3
1296;Hallowed Be Thy Name;1;3
1297;Iron Maiden;1;3
1298;Run To The Hills;1;3
1299;Running Free;1;3
1300;Wrathchild;1;13
1301;Acacia Avenue;1;13
1302;Children Of The Damned;1;13
1303;Die With Your Boots On;1;13
1304;Phantom Of The Opera;1;13
1305;Be Quick Or Be Dead;1;1
1306;The Number Of The Beast;1;1
1307;Wrathchild;1;1
1308;From Here To Eternity;1;1
1309;Can I Play With Madness;1;1
1310;Wasting Love;1;1
1311;Tailgunner;1;1
1312;The Evil That Men Do;1;1
1313;Afraid To Shoot Strangers;1;1
1314;Fear Of The Dark;1;1
1315;Bring Your Daughter... To The Slaughter...;1;1
1316;The Clairvoyant;1;1
1317;Heaven Can Wait;1;1
1318;Run To The Hills;1;1
1319;2 Minutes To Midnight;1;1
1320;Iron Maiden;1;1
1321;Hallowed Be Thy Name;1;1
1322;The Trooper;1;1
1323;Sanctuary;1;1
1324;Running Free;1;1
1325;Tailgunner;1;3
1326;Holy Smoke;1;3
1327;No Prayer For The Dying;1;3
1328;Public Enema Number One;1;3
1329;Fates Warning;1;3
1330;The Assassin;1;3
1331;Run Silent Run Deep;1;3
1332;Hooks In You;1;3
1333;Bring Your Daughter... ...To The Slaughter;1;3
1334;Mother Russia;1;3
1335;Where Eagles Dare;1;3
1336;Revelations;1;3
1337;Flight Of The Icarus;1;3
1338;Die With Your Boots On;1;3
1339;The Trooper;1;3
1340;Still Life;1;3
1341;Quest For Fire;1;3
1342;Sun And Steel;1;3
1343;To Tame A Land;1;3
1344;Aces High;1;3
1345;2 Minutes To Midnight;1;3
1346;Losfer Words;1;3
1347;Flash of The Blade;1;3
1348;Duelists;1;3
1349;Back in the Village;1;3
1350;Powerslave;1;3
1351;Rime of the Ancient Mariner;1;3
1352;Intro;1;3
1353;The Wicker Man;1;3
1354;Ghost Of The Navigator;1;3
1355;Brave New World;1;3
1356;Wrathchild;1;3
1357;2 Minutes To Midnight;1;3
1358;Blood Brothers;1;3
1359;Sign Of The Cross;1;3
1360;The Mercenary;1;3
1361;The Trooper;1;3
1362;Dream Of Mirrors;1;1
1363;The Clansman;1;1
1364;The Evil That Men Do;1;3
1365;Fear Of The Dark;1;1
1366;Iron Maiden;1;1
1367;The Number Of The Beast;1;1
1368;Hallowed Be Thy Name;1;1
1369;Sanctuary;1;1
1370;Run To The Hills;1;1
1371;Moonchild;1;3
1372;Infinite Dreams;1;3
1373;Can I Play With Madness;1;3
1374;The Evil That Men Do;1;3
1375;Seventh Son of a Seventh Son;1;3
1376;The Prophecy;1;3
1377;The Clairvoyant;1;3
1378;Only the Good Die Young;1;3
1379;Caught Somewhere in Time;1;3
1380;Wasted Years;1;3
1381;Sea of Madness;1;3
1382;Heaven Can Wait;1;3
1383;Stranger in a Strange Land;1;3
1384;Alexander the Great;1;3
1385;De Ja Vu;1;3
1386;The Loneliness of the Long Dis;1;3
1387;22 Acacia Avenue;1;3
1388;Children of the Damned;1;3
1389;Gangland;1;3
1390;Hallowed Be Thy Name;1;3
1391;Invaders;1;3
1392;Run to the Hills;1;3
1393;The Number Of The Beast;1;1
1394;The Prisoner;1;3
1395;Sign Of The Cross;1;1
1396;Lord Of The Flies;1;1
1397;Man On The Edge;1;1
1398;Fortunes Of War;1;1
1399;Look For The Truth;1;1
1400;The Aftermath;1;1
1401;Judgement Of Heaven;1;1
1402;Blood On The World's Hands;1;1
1403;The Edge Of Darkness;1;1
1404;2 A.M.;1;1
1405;The Unbeliever;1;1
1406;Futureal;1;1
1407;The Angel And The Gambler;1;1
1408;Lightning Strikes Twice;1;1
1409;The Clansman;1;1
1410;When Two Worlds Collide;1;1
1411;The Educated Fool;1;1
1412;Don't Look To The Eyes Of A Stranger;1;1
1413;Como Estais Amigos;1;1
1414;Please Please Please;1;14
1415;Think;1;14
1416;Night Train;1;14
1417;Out Of Sight;1;14
1418;Papa's Got A Brand New Bag Pt.1;1;14
1419;I Got You (I Feel Good);1;14
1420;It's A Man's Man's Man's World;1;14
1421;Cold Sweat;1;14
1422;Say It Loud, I'm Black And I'm Proud Pt.1;1;14
1423;Get Up (I Feel Like Being A) Sex Machine;1;14
1424;Hey America;1;14
1425;Make It Funky Pt.1;1;14
1426;I'm A Greedy Man Pt.1;1;14
1427;Get On The Good Foot;1;14
1428;Get Up Offa That Thing;1;14
1429;It's Too Funky In Here;1;14
1430;Living In America;1;14
1431;I'm Real;1;14
1432;Hot Pants Pt.1;1;14
1433;Soul Power (Live);1;14
1434;When You Gonna Learn (Digeridoo);1;1
1435;Too Young To Die;1;1
1436;Hooked Up;1;1
1437;If I Like It, I Do It;1;1
1438;Music Of The Wind;1;1
1439;Emergency On Planet Earth;1;1
1440;Whatever It Is, I Just Can't Stop;1;1
1441;Blow Your Mind;1;1
1442;Revolution 1993;1;1
1443;Didgin' Out;1;1
1444;Canned Heat;1;14
1445;Planet Home;1;14
1446;Black Capricorn Day;1;14
1447;Soul Education;1;14
1448;Failling;1;14
1449;Destitute Illusions;1;14
1450;Supersonic;1;14
1451;Butterfly;1;14
1452;Were Do We Go From Here;1;14
1453;King For A Day;1;14
1454;Deeper Underground;1;14
1455;Just Another Story;1;15
1456;Stillness In Time;1;15
1457;Half The Man;1;15
1458;Light Years;1;15
1459;Manifest Destiny;1;15
1460;The Kids;1;15
1461;Mr. Moon;1;15
1462;Scam;1;15
1463;Journey To Arnhemland;1;15
1464;Morning Glory;1;15
1465;Space Cowboy;1;15
1466;Last Chance;1;4
1467;Are You Gonna Be My Girl;1;4
1468;Rollover D.J.;1;4
1469;Look What You've Done;1;4
1470;Get What You Need;1;4
1471;Move On;1;4
1472;Radio Song;1;4
1473;Get Me Outta Here;1;4
1474;Cold Hard Bitch;1;4
1475;Come Around Again;1;4
1476;Take It Or Leave It;1;4
1477;Lazy Gun;1;4
1478;Timothy;1;4
1479;Foxy Lady;1;1
1480;Manic Depression;1;1
1481;Red House;1;1
1482;Can You See Me;1;1
1483;Love Or Confusion;1;1
1484;I Don't Live Today;1;1
1485;May This Be Love;1;1
1486;Fire;1;1
1487;Third Stone From The Sun;1;1
1488;Remember;1;1
1489;Are You Experienced?;1;1
1490;Hey Joe;1;1
1491;Stone Free;1;1
1492;Purple Haze;1;1
1493;51st Anniversary;1;1
1494;The Wind Cries Mary;1;1
1495;Highway Chile;1;1
1496;Surfing with the Alien;2;1
1497;Ice 9;2;1
1498;Crushing Day;2;1
1499;Always With Me, Always With You;2;1
1500;Satch Boogie;2;1
1501;Hill of the Skull;2;1
1502;Circles;2;1
1503;Lords of Karma;2;1
1504;Midnight;2;1
1505;Echo;2;1
1506;Engenho De Dentro;1;7
1507;Alcohol;1;7
1508;Mama Africa;1;7
1509;Salve Simpatia;1;7
1510;W/Brasil (Chama O Síndico);1;7
1511;País Tropical;1;7
1512;Os Alquimistas Estão Chegando;1;7
1513;Charles Anjo 45;1;7
1514;Selassiê;1;7
1515;Menina Sarará;1;7
1516;Que Maravilha;1;7
1517;Santa Clara Clareou;1;7
1518;Filho Maravilha;1;7
1519;Taj Mahal;1;7
1520;Rapidamente;1;7
1521;As Dores do Mundo;1;7
1522;Vou Pra Ai;1;7
1523;My Brother;1;7
1524;Há Quanto Tempo;1;7
1525;Vício;1;7
1526;Encontrar Alguém;1;7
1527;Dance Enquanto é Tempo;1;7
1528;A Tarde;1;7
1529;Always Be All Right;1;7
1530;Sem Sentido;1;7
1531;Onibusfobia;1;7
1532;Pura Elegancia;1;16
1533;Choramingando;1;16
1534;Por Merecer;1;16
1535;No Futuro;1;16
1536;Voce Inteira;1;16
1537;Cuando A Noite Vai Chegando;1;16
1538;Naquele Dia;1;16
1539;Equinocio;1;16
1540;Papelão;1;16
1541;Cuando Eu For Pro Ceu;1;16
1542;Do Nosso Amor;1;16
1543;Borogodo;1;16
1544;Cafezinho;1;16
1545;Enquanto O Dia Não Vem;1;16
1546;The Green Manalishi;1;3
1547;Living After Midnight;1;3
1548;Breaking The Law (Live);1;3
1549;Hot Rockin';1;3
1550;Heading Out To The Highway (Live);1;3
1551;The Hellion;1;3
1552;Electric Eye;1;3
1553;You've Got Another Thing Comin';1;3
1554;Turbo Lover;1;3
1555;Freewheel Burning;1;3
1556;Some Heads Are Gonna Roll;1;3
1557;Metal Meltdown;1;3
1558;Ram It Down;1;3
1559;Diamonds And Rust (Live);1;3
1560;Victim Of Change (Live);1;3
1561;Tyrant (Live);1;3
1562;Comin' Home;1;1
1563;Plaster Caster;1;1
1564;Goin' Blind;1;1
1565;Do You Love Me;1;1
1566;Domino;1;1
1567;Sure Know Something;1;1
1568;A World Without Heroes;1;1
1569;Rock Bottom;1;1
1570;See You Tonight;1;1
1571;I Still Love You;1;1
1572;Every Time I Look At You;1;1
1573;2,000 Man;1;1
1574;Beth;1;1
1575;Nothin' To Lose;1;1
1576;Rock And Roll All Nite;1;1
1577;Immigrant Song;1;1
1578;Heartbreaker;1;1
1579;Since I've Been Loving You;1;1
1580;Black Dog;1;1
1581;Dazed And Confused;1;1
1582;Stairway To Heaven;1;1
1583;Going To California;1;1
1584;That's The Way;1;1
1585;Whole Lotta Love (Medley);1;1
1586;Thank You;1;1
1587;We're Gonna Groove;1;1
1588;Poor Tom;1;1
1589;I Can't Quit You Baby;1;1
1590;Walter's Walk;1;1
1591;Ozone Baby;1;1
1592;Darlene;1;1
1593;Bonzo's Montreux;1;1
1594;Wearing And Tearing;1;1
1595;The Song Remains The Same;1;1
1596;The Rain Song;1;1
1597;Over The Hills And Far Away;1;1
1598;The Crunge;1;1
1599;Dancing Days;1;1
1600;D'Yer Mak'er;1;1
1601;No Quarter;1;1
1602;The Ocean;1;1
1603;In The Evening;1;1
1604;South Bound Saurez;1;1
1605;Fool In The Rain;1;1
1606;Hot Dog;1;1
1607;Carouselambra;1;1
1608;All My Love;1;1
1609;I'm Gonna Crawl;1;1
1610;Black Dog;1;1
1611;Rock & Roll;1;1
1612;The Battle Of Evermore;1;1
1613;Stairway To Heaven;1;1
1614;Misty Mountain Hop;1;1
1615;Four Sticks;1;1
1616;Going To California;1;1
1617;When The Levee Breaks;1;1
1618;Good Times Bad Times;1;1
1619;Babe I'm Gonna Leave You;1;1
1620;You Shook Me;1;1
1621;Dazed and Confused;1;1
1622;Your Time Is Gonna Come;1;1
1623;Black Mountain Side;1;1
1624;Communication Breakdown;1;1
1625;I Can't Quit You Baby;1;1
1626;How Many More Times;1;1
1627;Whole Lotta Love;1;1
1628;What Is And What Should Never Be;1;1
1629;The Lemon Song;1;1
1630;Thank You;1;1
1631;Heartbreaker;1;1
1632;Living Loving Maid (She's Just A Woman);1;1
1633;Ramble On;1;1
1634;Moby Dick;1;1
1635;Bring It On Home;1;1
1636;Immigrant Song;1;1
1637;Friends;1;1
1638;Celebration Day;1;1
1639;Since I've Been Loving You;1;1
1640;Out On The Tiles;1;1
1641;Gallows Pole;1;1
1642;Tangerine;1;1
1643;That's The Way;1;1
1644;Bron-Y-Aur Stomp;1;1
1645;Hats Off To (Roy) Harper;1;1
1646;In The Light;1;1
1647;Bron-Yr-Aur;1;1
1648;Down By The Seaside;1;1
1649;Ten Years Gone;1;1
1650;Night Flight;1;1
1651;The Wanton Song;1;1
1652;Boogie With Stu;1;1
1653;Black Country Woman;1;1
1654;Sick Again;1;1
1655;Achilles Last Stand;1;1
1656;For Your Life;1;1
1657;Royal Orleans;1;1
1658;Nobody's Fault But Mine;1;1
1659;Candy Store Rock;1;1
1660;Hots On For Nowhere;1;1
1661;Tea For One;1;1
1662;Rock & Roll;1;1
1663;Celebration Day;1;1
1664;The Song Remains The Same;1;1
1665;Rain Song;1;1
1666;Dazed And Confused;1;1
1667;No Quarter;1;1
1668;Stairway To Heaven;1;1
1669;Moby Dick;1;1
1670;Whole Lotta Love;1;1
1671;Natália;1;7
1672;L'Avventura;1;7
1673;Música De Trabalho;1;7
1674;Longe Do Meu Lado;1;7
1675;A Via Láctea;1;7
1676;Música Ambiente;1;7
1677;Aloha;1;7
1678;Soul Parsifal;1;7
1679;Dezesseis;1;7
1680;Mil Pedaços;1;7
1681;Leila;1;7
1682;1º De Julho;1;7
1683;Esperando Por Mim;1;7
1684;Quando Você Voltar;1;7
1685;O Livro Dos Dias;1;7
1686;Será;1;7
1687;Ainda É Cedo;1;7
1688;Geração Coca-Cola;1;7
1689;Eduardo E Mônica;1;7
1690;Tempo Perdido;1;7
1691;Indios;1;7
1692;Que País É Este;1;7
1693;Faroeste Caboclo;1;7
1694;Há Tempos;1;7
1695;Pais E Filhos;1;7
1696;Meninos E Meninas;1;7
1697;Vento No Litoral;1;7
1698;Perfeição;1;7
1699;Giz;1;7
1700;Dezesseis;1;7
1701;Antes Das Seis;1;7
1702;Are You Gonna Go My Way;1;1
1703;Fly Away;1;1
1704;Rock And Roll Is Dead;1;1
1705;Again;1;1
1706;It Ain't Over 'Til It's Over;1;1
1707;Can't Get You Off My Mind;1;1
1708;Mr. Cab Driver;1;1
1709;American Woman;1;1
1710;Stand By My Woman;1;1
1711;Always On The Run;1;1
1712;Heaven Help;1;1
1713;I Belong To You;1;1
1714;Believe;1;1
1715;Let Love Rule;1;1
1716;Black Velveteen;1;1
1717;Assim Caminha A Humanidade;1;7
1718;Honolulu;1;7
1719;Dancin´Days;1;7
1720;Um Pro Outro;1;7
1721;Aviso Aos Navegantes;1;7
1722;Casa;1;7
1723;Condição;1;7
1724;Hyperconectividade;1;7
1725;O Descobridor Dos Sete Mares;1;7
1726;Satisfação;1;7
1727;Brumário;1;7
1728;Um Certo Alguém;1;7
1729;Fullgás;1;7
1730;Sábado À Noite;1;7
1731;A Cura;1;7
1732;Aquilo;1;7
1733;Atrás Do Trio Elétrico;1;7
1734;Senta A Pua;1;7
1735;Ro-Que-Se-Da-Ne;1;7
1736;Tudo Bem;1;7
1737;Toda Forma De Amor;1;7
1738;Tudo Igual;1;7
1739;Fogo De Palha;1;7
1740;Sereia;1;7
1741;Assaltaram A Gramática;1;7
1742;Se Você Pensa;1;7
1743;Lá Vem O Sol (Here Comes The Sun);1;7
1744;O Último Romântico (Ao Vivo);1;7
1745;Pseudo Silk Kimono;1;1
1746;Kayleigh;1;1
1747;Lavender;1;1
1748;Bitter Suite: Brief Encounter / Lost Weekend / Blue Angel;1;1
1749;Heart Of Lothian: Wide Boy / Curtain Call;1;1
1750;Waterhole (Expresso Bongo);1;1
1751;Lords Of The Backstage;1;1
1752;Blind Curve: Vocal Under A Bloodlight / Passing Strangers / Mylo / Perimeter Walk / Threshold;1;1
1753;Childhoods End?;1;1
1754;White Feather;1;1
1755;Arrepio;1;7
1756;Magamalabares;1;7
1757;Chuva No Brejo;1;7
1758;Cérebro Eletrônico;1;7
1759;Tempos Modernos;1;7
1760;Maraçá;1;7
1761;Blanco;1;7
1762;Panis Et Circenses;1;7
1763;De Noite Na Cama;1;7
1764;Beija Eu;1;7
1765;Give Me Love;1;7
1766;Ainda Lembro;1;7
1767;A Menina Dança;1;7
1768;Dança Da Solidão;1;7
1769;Ao Meu Redor;1;7
1770;Bem Leve;1;7
1771;Segue O Seco;1;7
1772;O Xote Das Meninas;1;7
1773;Wherever I Lay My Hat;1;14
1774;Get My Hands On Some Lovin';1;14
1775;No Good Without You;1;14
1776;You've Been A Long Time Coming;1;14
1777;When I Had Your Love;1;14
1778;You're What's Happening (In The World Today);1;14
1779;Loving You Is Sweeter Than Ever;1;14
1780;It's A Bitter Pill To Swallow;1;14
1781;Seek And You Shall Find;1;14
1782;Gonna Keep On Tryin' Till I Win Your Love;1;14
1783;Gonna Give Her All The Love I've Got;1;14
1784;I Wish It Would Rain;1;14
1785;Abraham, Martin And John;1;14
1786;Save The Children;1;14
1787;You Sure Love To Ball;1;14
1788;Ego Tripping Out;1;14
1789;Praise;1;14
1790;Heavy Love Affair;1;14
1791;Down Under;1;1
1792;Overkill;1;1
1793;Be Good Johnny;1;1
1794;Everything I Need;1;1
1795;Down by the Sea;1;1
1796;Who Can It Be Now?;1;1
1797;It's a Mistake;1;1
1798;Dr. Heckyll & Mr. Jive;1;1
1799;Shakes and Ladders;1;1
1800;No Sign of Yesterday;1;1
1801;Enter Sandman;1;3
1802;Sad But True;1;3
1803;Holier Than Thou;1;3
1804;The Unforgiven;1;3
1805;Wherever I May Roam;1;3
1806;Don't Tread On Me;1;3
1807;Through The Never;1;3
1808;Nothing Else Matters;1;3
1809;Of Wolf And Man;1;3
1810;The God That Failed;1;3
1811;My Friend Of Misery;1;3
1812;The Struggle Within;1;3
1813;Helpless;1;3
1814;The Small Hours;1;3
1815;The Wait;1;3
1816;Crash Course In Brain Surgery;1;3
1817;Last Caress/Green Hell;1;3
1818;Am I Evil?;1;3
1819;Blitzkrieg;1;3
1820;Breadfan;1;3
1821;The Prince;1;3
1822;Stone Cold Crazy;1;3
1823;So What;1;3
1824;Killing Time;1;3
1825;Overkill;1;3
1826;Damage Case;1;3
1827;Stone Dead Forever;1;3
1828;Too Late Too Late;1;3
1829;Hit The Lights;1;3
1830;The Four Horsemen;1;3
1831;Motorbreath;1;3
1832;Jump In The Fire;1;3
1833;(Anesthesia) Pulling Teeth;1;3
1834;Whiplash;1;3
1835;Phantom Lord;1;3
1836;No Remorse;1;3
1837;Seek & Destroy;1;3
1838;Metal Militia;1;3
1839;Ain't My Bitch;1;3
1840;2 X 4;1;3
1841;The House Jack Built;1;3
1842;Until It Sleeps;1;3
1843;King Nothing;1;3
1844;Hero Of The Day;1;3
1845;Bleeding Me;1;3
1846;Cure;1;3
1847;Poor Twisted Me;1;3
1848;Wasted My Hate;1;3
1849;Mama Said;1;3
1850;Thorn Within;1;3
1851;Ronnie;1;3
1852;The Outlaw Torn;1;3
1853;Battery;1;3
1854;Master Of Puppets;1;3
1855;The Thing That Should Not Be;1;3
1856;Welcome Home (Sanitarium);1;3
1857;Disposable Heroes;1;3
1858;Leper Messiah;1;3
1859;Orion;1;3
1860;Damage Inc.;1;3
1861;Fuel;1;3
1862;The Memory Remains;1;3
1863;Devil's Dance;1;3
1864;The Unforgiven II;1;3
1865;Better Than You;1;3
1866;Slither;1;3
1867;Carpe Diem Baby;1;3
1868;Bad Seed;1;3
1869;Where The Wild Things Are;1;3
1870;Prince Charming;1;3
1871;Low Man's Lyric;1;3
1872;Attitude;1;3
1873;Fixxxer;1;3
1874;Fight Fire With Fire;1;3
1875;Ride The Lightning;1;3
1876;For Whom The Bell Tolls;1;3
1877;Fade To Black;1;3
1878;Trapped Under Ice;1;3
1879;Escape;1;3
1880;Creeping Death;1;3
1881;The Call Of Ktulu;1;3
1882;Frantic;1;3
1883;St. Anger;1;3
1884;Some Kind Of Monster;1;3
1885;Dirty Window;1;3
1886;Invisible Kid;1;3
1887;My World;1;3
1888;Shoot Me Again;1;3
1889;Sweet Amber;1;3
1890;The Unnamed Feeling;1;3
1891;Purify;1;3
1892;All Within My Hands;1;3
1893;Blackened;1;3
1894;...And Justice For All;1;3
1895;Eye Of The Beholder;1;3
1896;One;1;3
1897;The Shortest Straw;1;3
1898;Harvester Of Sorrow;1;3
1899;The Frayed Ends Of Sanity;1;3
1900;To Live Is To Die;1;3
1901;Dyers Eve;1;3
1902;Springsville;1;2
1903;The Maids Of Cadiz;1;2
1904;The Duke;1;2
1905;My Ship;1;2
1906;Miles Ahead;1;2
1907;Blues For Pablo;1;2
1908;New Rhumba;1;2
1909;The Meaning Of The Blues;1;2
1910;Lament;1;2
1911;I Don't Wanna Be Kissed (By Anyone But You);1;2
1912;Springsville (Alternate Take);1;2
1913;Blues For Pablo (Alternate Take);1;2
1914;The Meaning Of The Blues/Lament (Alternate Take);1;2
1915;I Don't Wanna Be Kissed (By Anyone But You) (Alternate Take);1;2
1916;Coração De Estudante;1;7
1917;A Noite Do Meu Bem;1;7
1918;Paisagem Na Janela;1;7
1919;Cuitelinho;1;7
1920;Caxangá;1;7
1921;Nos Bailes Da Vida;1;7
1922;Menestrel Das Alagoas;1;7
1923;Brasil;1;7
1924;Canção Do Novo Mundo;1;7
1925;Um Gosto De Sol;1;7
1926;Solar;1;7
1927;Para Lennon E McCartney;1;7
1928;Maria, Maria;1;7
1929;Minas;1;7
1930;Fé Cega, Faca Amolada;1;7
1931;Beijo Partido;1;7
1932;Saudade Dos Aviões Da Panair (Conversando No Bar);1;7
1933;Gran Circo;1;7
1934;Ponta de Areia;1;7
1935;Trastevere;1;7
1936;Idolatrada;1;7
1937;Leila (Venha Ser Feliz);1;7
1938;Paula E Bebeto;1;7
1939;Simples;1;7
1940;Norwegian Wood;1;7
1941;Caso Você Queira Saber;1;7
1942;Ace Of Spades;1;3
1943;Love Me Like A Reptile;1;3
1944;Shoot You In The Back;1;3
1945;Live To Win;1;3
1946;Fast And Loose;1;3
1947;(We Are) The Road Crew;1;3
1948;Fire Fire;1;3
1949;Jailbait;1;3
1950;Dance;1;3
1951;Bite The Bullet;1;3
1952;The Chase Is Better Than The Catch;1;3
1953;The Hammer;1;3
1954;Dirty Love;1;3
1955;Please Don't Touch;1;3
1956;Emergency;1;3
1957;Kir Royal;1;16
1958;O Que Vai Em Meu Coração;1;16
1959;Aos Leões;1;16
1960;Dois Índios;1;16
1961;Noite Negra;1;16
1962;Beijo do Olhar;1;16
1963;É Fogo;1;16
1964;Já Foi;1;16
1965;Só Se For Pelo Cabelo;1;16
1966;No Clima;1;16
1967;A Moça e a Chuva;1;16
1968;Demorou!;1;16
1969;Bitter Pill;1;3
1970;Enslaved;1;3
1971;Girls, Girls, Girls;1;3
1972;Kickstart My Heart;1;3
1973;Wild Side;1;3
1974;Glitter;1;3
1975;Dr. Feelgood;1;3
1976;Same Ol' Situation;1;3
1977;Home Sweet Home;1;3
1978;Afraid;1;3
1979;Don't Go Away Mad (Just Go Away);1;3
1980;Without You;1;3
1981;Smokin' in The Boys Room;1;3
1982;Primal Scream;1;3
1983;Too Fast For Love;1;3
1984;Looks That Kill;1;3
1985;Shout At The Devil;1;3
1986;Intro;1;1
1987;School;1;1
1988;Drain You;1;1
1989;Aneurysm;1;1
1990;Smells Like Teen Spirit;1;1
1991;Been A Son;1;1
1992;Lithium;1;1
1993;Sliver;1;1
1994;Spank Thru;1;1
1995;Scentless Apprentice;1;1
1996;Heart-Shaped Box;1;1
1997;Milk It;1;1
1998;Negative Creep;1;1
1999;Polly;1;1
2000;Breed;1;1
2001;Tourette's;1;1
2002;Blew;1;1
2003;Smells Like Teen Spirit;1;1
2004;In Bloom;1;1
2005;Come As You Are;1;1
2006;Breed;1;1
2007;Lithium;1;1
2008;Polly;1;1
2009;Territorial Pissings;1;1
2010;Drain You;1;1
2011;Lounge Act;1;1
2012;Stay Away;1;1
2013;On A Plain;1;1
2014;Something In The Way;1;1
2015;Time;1;1
2016;P.S.Apareça;1;1
2017;Sangue Latino;1;1
2018;Folhas Secas;1;1
2019;Poeira;1;1
2020;Mágica;1;1
2021;Quem Mata A Mulher Mata O Melhor;1;1
2022;Mundaréu;1;1
2023;O Braço Da Minha Guitarra;1;1
2024;Deus;1;1
2025;Mãe Terra;1;1
2026;Às Vezes;1;1
2027;Menino De Rua;1;1
2028;Prazer E Fé;1;1
2029;Elza;1;1
2030;Requebra;1;7
2031;Nossa Gente (Avisa Là);1;7
2032;Olodum - Alegria Geral;1;7
2033;Madagáscar Olodum;1;7
2034;Faraó Divindade Do Egito;1;7
2035;Todo Amor (Asas Da Liberdade);1;7
2036;Denúncia;1;7
2037;Olodum, A Banda Do Pelô;1;7
2038;Cartao Postal;1;7
2039;Jeito Faceiro;1;7
2040;Revolta Olodum;1;7
2041;Reggae Odoyá;1;7
2042;Protesto Do Olodum (Ao Vivo);1;7
2043;Olodum - Smile (Instrumental);1;7
2044;Vulcão Dub - Fui Eu;1;7
2045;O Trem Da Juventude;1;7
2046;Manguetown;1;7
2047;Um Amor, Um Lugar;1;7
2048;Bora-Bora;1;7
2049;Vai Valer;1;7
2050;I Feel Good (I Got You) - Sossego;1;7
2051;Uns Dias;1;7
2052;Sincero Breu;1;7
2053;Meu Erro;1;7
2054;Selvagem;1;7
2055;Brasília 5:31;1;7
2056;Tendo A Lua;1;7
2057;Que País É Este;1;7
2058;Navegar Impreciso;1;7
2059;Feira Moderna;1;7
2060;Tequila - Lourinha Bombril (Parate Y Mira);1;7
2061;Vamo Batê Lata;1;7
2062;Life During Wartime;1;7
2063;Nebulosa Do Amor;1;7
2064;Caleidoscópio;1;7
2065;Trac Trac;1;7
2066;Tendo A Lua;1;7
2067;Mensagen De Amor (2000);1;7
2068;Lourinha Bombril;1;7
2069;La Bella Luna;1;7
2070;Busca Vida;1;7
2071;Uma Brasileira;1;7
2072;Luis Inacio (300 Picaretas);1;7
2073;Saber Amar;1;7
2074;Ela Disse Adeus;1;7
2075;O Amor Nao Sabe Esperar;1;7
2076;Aonde Quer Que Eu Va;1;7
2077;Caleidoscópio;1;7
2078;Óculos;1;7
2079;Cinema Mudo;1;7
2080;Alagados;1;7
2081;Lanterna Dos Afogados;1;7
2082;Melô Do Marinheiro;1;7
2083;Vital E Sua Moto;1;7
2084;O Beco;1;7
2085;Meu Erro;1;7
2086;Perplexo;1;7
2087;Me Liga;1;7
2088;Quase Um Segundo;1;7
2089;Selvagem;1;7
2090;Romance Ideal;1;7
2091;Será Que Vai Chover?;1;7
2092;SKA;1;7
2093;Bark at the Moon;2;1
2094;I Don't Know;2;1
2095;Crazy Train;2;1
2096;Flying High Again;2;1
2097;Mama, I'm Coming Home;2;1
2098;No More Tears;2;1
2099;I Don't Know;1;3
2100;Crazy Train;1;3
2101;Believer;1;3
2102;Mr. Crowley;1;3
2103;Flying High Again;1;3
2104;Relvelation (Mother Earth);1;3
2105;Steal Away (The Night);1;3
2106;Suicide Solution (With Guitar Solo);1;3
2107;Iron Man;1;3
2108;Children Of The Grave;1;3
2109;Paranoid;1;3
2110;Goodbye To Romance;1;3
2111;No Bone Movies;1;3
2112;Dee;1;3
2113;Shining In The Light;1;1
2114;When The World Was Young;1;1
2115;Upon A Golden Horse;1;1
2116;Blue Train;1;1
2117;Please Read The Letter;1;1
2118;Most High;1;1
2119;Heart In Your Hand;1;1
2120;Walking Into Clarksdale;1;1
2121;Burning Up;1;1
2122;When I Was A Child;1;1
2123;House Of Love;1;1
2124;Sons Of Freedom;1;1
2125;United Colours;1;10
2126;Slug;1;10
2127;Your Blue Room;1;10
2128;Always Forever Now;1;10
2129;A Different Kind Of Blue;1;10
2130;Beach Sequence;1;10
2131;Miss Sarajevo;1;10
2132;Ito Okashi;1;10
2133;One Minute Warning;1;10
2134;Corpse (These Chains Are Way Too Long);1;10
2135;Elvis Ate America;1;10
2136;Plot 180;1;10
2137;Theme From The Swan;1;10
2138;Theme From Let's Go Native;1;10
2139;Wrathchild;1;1
2140;Killers;1;1
2141;Prowler;1;1
2142;Murders In The Rue Morgue;1;1
2143;Women In Uniform;1;1
2144;Remember Tomorrow;1;1
2145;Sanctuary;1;1
2146;Running Free;1;1
2147;Phantom Of The Opera;1;1
2148;Iron Maiden;1;1
2149;Corduroy;1;1
2150;Given To Fly;1;1
2151;Hail, Hail;1;1
2152;Daughter;1;1
2153;Elderly Woman Behind The Counter In A Small Town;1;1
2154;Untitled;1;1
2155;MFC;1;1
2156;Go;1;1
2157;Red Mosquito;1;1
2158;Even Flow;1;1
2159;Off He Goes;1;1
2160;Nothingman;1;1
2161;Do The Evolution;1;1
2162;Better Man;1;1
2163;Black;1;1
2164;F*Ckin' Up;1;1
2165;Life Wasted;1;4
2166;World Wide Suicide;1;4
2167;Comatose;1;4
2168;Severed Hand;1;4
2169;Marker In The Sand;1;4
2170;Parachutes;1;4
2171;Unemployable;1;4
2172;Big Wave;1;4
2173;Gone;1;4
2174;Wasted Reprise;1;4
2175;Army Reserve;1;4
2176;Come Back;1;4
2177;Inside Job;1;4
2178;Can't Keep;1;1
2179;Save You;1;1
2180;Love Boat Captain;1;1
2181;Cropduster;1;1
2182;Ghost;1;1
2183;I Am Mine;1;1
2184;Thumbing My Way;1;1
2185;You Are;1;1
2186;Get Right;1;1
2187;Green Disease;1;1
2188;Help Help;1;1
2189;Bushleager;1;1
2190;1/2 Full;1;1
2191;Arc;1;1
2192;All or None;1;1
2193;Once;1;1
2194;Evenflow;1;1
2195;Alive;1;1
2196;Why Go;1;1
2197;Black;1;1
2198;Jeremy;1;1
2199;Oceans;1;1
2200;Porch;1;1
2201;Garden;1;1
2202;Deep;1;1
2203;Release;1;1
2204;Go;1;1
2205;Animal;1;1
2206;Daughter;1;1
2207;Glorified G;1;1
2208;Dissident;1;1
2209;W.M.A.;1;1
2210;Blood;1;1
2211;Rearviewmirror;1;1
2212;Rats;1;1
2213;Elderly Woman Behind The Counter In A Small Town;1;1
2214;Leash;1;1
2215;Indifference;1;1
2216;Johnny B. Goode;1;8
2217;Don't Look Back;1;8
2218;Jah Seh No;1;8
2219;I'm The Toughest;1;8
2220;Nothing But Love;1;8
2221;Buk-In-Hamm Palace;1;8
2222;Bush Doctor;1;8
2223;Wanted Dread And Alive;1;8
2224;Mystic Man;1;8
2225;Coming In Hot;1;8
2226;Pick Myself Up;1;8
2227;Crystal Ball;1;8
2228;Equal Rights Downpresser Man;1;8
2229;Speak To Me/Breathe;1;1
2230;On The Run;1;1
2231;Time;1;1
2232;The Great Gig In The Sky;1;1
2233;Money;1;1
2234;Us And Them;1;1
2235;Any Colour You Like;1;1
2236;Brain Damage;1;1
2237;Eclipse;1;1
2238;ZeroVinteUm;1;17
2239;Queimando Tudo;1;17
2240;Hip Hop Rio;1;17
2241;Bossa;1;17
2242;100% HardCore;1;17
2243;Biruta;1;17
2244;Mão Na Cabeça;1;17
2245;O Bicho Tá Pregando;1;17
2246;Adoled (Ocean);1;17
2247;Seus Amigos;1;17
2248;Paga Pau;1;17
2249;Rappers Reais;1;17
2250;Nega Do Cabelo Duro;1;17
2251;Hemp Family;1;17
2252;Quem Me Cobrou?;1;17
2253;Se Liga;1;17
2254;Bohemian Rhapsody;1;1
2255;Another One Bites The Dust;1;1
2256;Killer Queen;1;1
2257;Fat Bottomed Girls;1;1
2258;Bicycle Race;1;1
2259;You're My Best Friend;1;1
2260;Don't Stop Me Now;1;1
2261;Save Me;1;1
2262;Crazy Little Thing Called Love;1;1
2263;Somebody To Love;1;1
2264;Now I'm Here;1;1
2265;Good Old-Fashioned Lover Boy;1;1
2266;Play The Game;1;1
2267;Flash;1;1
2268;Seven Seas Of Rhye;1;1
2269;We Will Rock You;1;1
2270;We Are The Champions;1;1
2271;We Will Rock You;1;1
2272;We Are The Champions;1;1
2273;Sheer Heart Attack;1;1
2274;All Dead, All Dead;1;1
2275;Spread Your Wings;1;1
2276;Fight From The Inside;1;1
2277;Get Down, Make Love;1;1
2278;Sleep On The Sidewalk;1;1
2279;Who Needs You;1;1
2280;It's Late;1;1
2281;My Melancholy Blues;1;1
2282;Shiny Happy People;1;4
2283;Me In Honey;1;4
2284;Radio Song;1;4
2285;Pop Song 89;1;4
2286;Get Up;1;4
2287;You Are The Everything;1;4
2288;Stand;1;4
2289;World Leader Pretend;1;4
2290;The Wrong Child;1;4
2291;Orange Crush;1;4
2292;Turn You Inside-Out;1;4
2293;Hairshirt;1;4
2294;I Remember California;1;4
2295;Untitled;1;4
2296;How The West Was Won And Where It Got Us;1;1
2297;The Wake-Up Bomb;1;1
2298;New Test Leper;1;1
2299;Undertow;1;1
2300;E-Bow The Letter;1;1
2301;Leave;1;1
2302;Departure;1;1
2303;Bittersweet Me;1;1
2304;Be Mine;1;1
2305;Binky The Doormat;1;1
2306;Zither;1;1
2307;So Fast, So Numb;1;1
2308;Low Desert;1;1
2309;Electrolite;1;1
2310;Losing My Religion;1;4
2311;Low;1;4
2312;Near Wild Heaven;1;4
2313;Endgame;1;4
2314;Belong;1;4
2315;Half A World Away;1;4
2316;Texarkana;1;4
2317;Country Feedback;1;4
2318;Carnival Of Sorts;1;4
2319;Radio Free Aurope;1;4
2320;Perfect Circle;1;4
2321;Talk About The Passion;1;4
2322;So Central Rain;1;4
2323;Don't Go Back To Rockville;1;4
2324;Pretty Persuasion;1;4
2325;Green Grow The Rushes;1;4
2326;Can't Get There From Here;1;4
2327;Driver 8;1;4
2328;Fall On Me;1;4
2329;I Believe;1;4
2330;Cuyahoga;1;4
2331;The One I Love;1;4
2332;The Finest Worksong;1;4
2333;It's The End Of The World As We Know It (And I Feel Fine);1;4
2334;Infeliz Natal;1;4
2335;A Sua;1;4
2336;Papeau Nuky Doe;1;4
2337;Merry Christmas;1;4
2338;Bodies;1;4
2339;Puteiro Em João Pessoa;1;4
2340;Esporrei Na Manivela;1;4
2341;Bê-a-Bá;1;4
2342;Cajueiro;1;4
2343;Palhas Do Coqueiro;1;4
2344;Maluco Beleza;1;1
2345;O Dia Em Que A Terra Parou;1;1
2346;No Fundo Do Quintal Da Escola;1;1
2347;O Segredo Do Universo;1;1
2348;As Profecias;1;1
2349;Mata Virgem;1;1
2350;Sapato 36;1;1
2351;Todo Mundo Explica;1;1
2352;Que Luz É Essa;1;1
2353;Diamante De Mendigo;1;1
2354;Negócio É;1;1
2355;Muita Estrela, Pouca Constelação;1;1
2356;Século XXI;1;1
2357;Rock Das Aranhas (Ao Vivo) (Live);1;1
2358;The Power Of Equality;1;4
2359;If You Have To Ask;1;4
2360;Breaking The Girl;1;4
2361;Funky Monks;1;4
2362;Suck My Kiss;1;4
2363;I Could Have Lied;1;4
2364;Mellowship Slinky In B Major;1;4
2365;The Righteous & The Wicked;1;4
2366;Give It Away;1;4
2367;Blood Sugar Sex Magik;1;4
2368;Under The Bridge;1;4
2369;Naked In The Rain;1;4
2370;Apache Rose Peacock;1;4
2371;The Greeting Song;1;4
2372;My Lovely Man;1;4
2373;Sir Psycho Sexy;1;4
2374;They're Red Hot;1;4
2375;By The Way;1;1
2376;Universally Speaking;1;1
2377;This Is The Place;1;1
2378;Dosed;1;1
2379;Don't Forget Me;1;1
2380;The Zephyr Song;1;1
2381;Can't Stop;1;1
2382;I Could Die For You;1;1
2383;Midnight;1;1
2384;Throw Away Your Television;1;1
2385;Cabron;1;1
2386;Tear;1;1
2387;On Mercury;1;1
2388;Minor Thing;1;1
2389;Warm Tape;1;1
2390;Venice Queen;1;1
2391;Around The World;1;1
2392;Parallel Universe;1;1
2393;Scar Tissue;1;1
2394;Otherside;1;1
2395;Get On Top;1;1
2396;Californication;1;1
2397;Easily;1;1
2398;Porcelain;1;1
2399;Emit Remmus;1;1
2400;I Like Dirt;1;1
2401;This Velvet Glove;1;1
2402;Savior;1;1
2403;Purple Stain;1;1
2404;Right On Time;1;1
2405;Road Trippin';1;1
2406;The Spirit Of Radio;1;1
2407;The Trees;1;1
2408;Something For Nothing;1;1
2409;Freewill;1;1
2410;Xanadu;1;1
2411;Bastille Day;1;1
2412;By-Tor And The Snow Dog;1;1
2413;Anthem;1;1
2414;Closer To The Heart;1;1
2415;2112 Overture;1;1
2416;The Temples Of Syrinx;1;1
2417;La Villa Strangiato;1;1
2418;Fly By Night;1;1
2419;Finding My Way;1;1
2420;Jingo;1;1
2421;El Corazon Manda;1;1
2422;La Puesta Del Sol;1;1
2423;Persuasion;1;1
2424;As The Years Go by;1;1
2425;Soul Sacrifice;1;1
2426;Fried Neckbones And Home Fries;1;1
2427;Santana Jam;1;1
2428;Evil Ways;1;1
2429;We've Got To Get Together/Jingo;1;1
2430;Rock Me;1;1
2431;Just Ain't Good Enough;1;1
2432;Funky Piano;1;1
2433;The Way You Do To Mer;1;1
2434;Holding Back The Years;1;1
2435;Money's Too Tight To Mention;1;1
2436;The Right Thing;1;1
2437;It's Only Love;1;1
2438;A New Flame;1;1
2439;You've Got It;1;1
2440;If You Don't Know Me By Now;1;1
2441;Stars;1;1
2442;Something Got Me Started;1;1
2443;Thrill Me;1;1
2444;Your Mirror;1;1
2445;For Your Babies;1;1
2446;So Beautiful;1;1
2447;Angel;1;1
2448;Fairground;1;1
2449;Água E Fogo;1;1
2450;Três Lados;1;1
2451;Ela Desapareceu;1;1
2452;Balada Do Amor Inabalável;1;1
2453;Canção Noturna;1;1
2454;Muçulmano;1;1
2455;Maquinarama;1;1
2456;Rebelião;1;1
2457;A Última Guerra;1;1
2458;Fica;1;1
2459;Ali;1;1
2460;Preto Damião;1;1
2461;É Uma Partida De Futebol;1;1
2462;Eu Disse A Ela;1;1
2463;Zé Trindade;1;1
2464;Garota Nacional;1;1
2465;Tão Seu;1;1
2466;Sem Terra;1;1
2467;Os Exilados;1;1
2468;Um Dia Qualquer;1;1
2469;Los Pretos;1;1
2470;Sul Da América;1;1
2471;Poconé;1;1
2472;Lucky 13;1;4
2473;Aeroplane Flies High;1;4
2474;Because You Are;1;4
2475;Slow Dawn;1;4
2476;Believe;1;4
2477;My Mistake;1;4
2478;Marquis In Spades;1;4
2479;Here's To The Atom Bomb;1;4
2480;Sparrow;1;4
2481;Waiting;1;4
2482;Saturnine;1;4
2483;Rock On;1;4
2484;Set The Ray To Jerry;1;4
2485;Winterlong;1;4
2486;Soot & Stars;1;4
2487;Blissed & Gone;1;4
2488;Siva;1;4
2489;Rhinocerous;1;4
2490;Drown;1;4
2491;Cherub Rock;1;4
2492;Today;1;4
2493;Disarm;1;4
2494;Landslide;1;4
2495;Bullet With Butterfly Wings;1;4
2496;1979;1;4
2497;Zero;1;4
2498;Tonight, Tonight;1;4
2499;Eye;1;4
2500;Ava Adore;1;4
2501;Perfect;1;4
2502;The Everlasting Gaze;1;4
2503;Stand Inside Your Love;1;4
2504;Real Love;1;4
2505;[Untitled];1;4
2506;Nothing To Say;1;1
2507;Flower;1;1
2508;Loud Love;1;1
2509;Hands All Over;1;1
2510;Get On The Snake;1;1
2511;Jesus Christ Pose;1;1
2512;Outshined;1;1
2513;Rusty Cage;1;1
2514;Spoonman;1;1
2515;The Day I Tried To Live;1;1
2516;Black Hole Sun;1;1
2517;Fell On Black Days;1;1
2518;Pretty Noose;1;1
2519;Burden In My Hand;1;1
2520;Blow Up The Outside World;1;1
2521;Ty Cobb;1;1
2522;Bleed Together;1;1
2523;Morning Dance;1;2
2524;Jubilee;1;2
2525;Rasul;1;2
2526;Song For Lorraine;1;2
2527;Starburst;1;2
2528;Heliopolis;1;2
2529;It Doesn't Matter;1;2
2530;Little Linda;1;2
2531;End Of Romanticism;1;2
2532;The House Is Rockin';1;6
2533;Crossfire;1;6
2534;Tightrope;1;6
2535;Let Me Love You Baby;1;6
2536;Leave My Girl Alone;1;6
2537;Travis Walk;1;6
2538;Wall Of Denial;1;6
2539;Scratch-N-Sniff;1;6
2540;Love Me Darlin';1;6
2541;Riviera Paradise;1;6
2542;Dead And Bloated;1;1
2543;Sex Type Thing;1;1
2544;Wicked Garden;1;1
2545;No Memory;1;1
2546;Sin;1;1
2547;Naked Sunday;1;1
2548;Creep;1;1
2549;Piece Of Pie;1;1
2550;Plush;1;1
2551;Wet My Bed;1;1
2552;Crackerman;1;1
2553;Where The River Goes;1;1
2554;Soldier Side - Intro;1;3
2555;B.Y.O.B.;1;3
2556;Revenga;1;3
2557;Cigaro;1;3
2558;Radio/Video;1;3
2559;This Cocaine Makes Me Feel Like I'm On This Song;1;3
2560;Violent Pornography;1;3
2561;Question!;1;3
2562;Sad Statue;1;3
2563;Old School Hollywood;1;3
2564;Lost in Hollywood;1;3
2565;The Sun Road;1;1
2566;Dark Corners;1;1
2567;Duende;1;1
2568;Black Light Syndrome;1;1
2569;Falling in Circles;1;1
2570;Book of Hours;1;1
2571;Chaos-Control;1;1
2572;Midnight From The Inside Out;1;6
2573;Sting Me;1;6
2574;Thick & Thin;1;6
2575;Greasy Grass River;1;6
2576;Sometimes Salvation;1;6
2577;Cursed Diamonds;1;6
2578;Miracle To Me;1;6
2579;Wiser Time;1;6
2580;Girl From A Pawnshop;1;6
2581;Cosmic Fiend;1;6
2582;Black Moon Creeping;1;6
2583;High Head Blues;1;6
2584;Title Song;1;6
2585;She Talks To Angels;1;6
2586;Twice As Hard;1;6
2587;Lickin';1;6
2588;Soul Singing;1;6
2589;Hard To Handle;1;6
2590;Remedy;1;6
2591;White Riot;1;4
2592;Remote Control;1;4
2593;Complete Control;1;4
2594;Clash City Rockers;1;4
2595;(White Man) In Hammersmith Palais;1;4
2596;Tommy Gun;1;4
2597;English Civil War;1;4
2598;I Fought The Law;1;4
2599;London Calling;1;4
2600;Train In Vain;1;4
2601;Bankrobber;1;4
2602;The Call Up;1;4
2603;Hitsville UK;1;4
2604;The Magnificent Seven;1;4
2605;This Is Radio Clash;1;4
2606;Know Your Rights;1;4
2607;Rock The Casbah;1;4
2608;Should I Stay Or Should I Go;1;4
2609;War (The Process);1;1
2610;The Saint;1;1
2611;Rise;1;1
2612;Take The Power;1;1
2613;Breathe;1;1
2614;Nico;1;1
2615;American Gothic;1;1
2616;Ashes And Ghosts;1;1
2617;Shape The Sky;1;1
2618;Speed Of Light;1;1
2619;True Believers;1;1
2620;My Bridges Burn;1;1
2621;She Sells Sanctuary;1;1
2622;Fire Woman;1;1
2623;Lil' Evil;1;1
2624;Spirit Walker;1;1
2625;The Witch;1;1
2626;Revolution;1;1
2627;Wild Hearted Son;1;1
2628;Love Removal Machine;1;1
2629;Rain;1;1
2630;Edie (Ciao Baby);1;1
2631;Heart Of Soul;1;1
2632;Love;1;1
2633;Wild Flower;1;1
2634;Go West;1;1
2635;Resurrection Joe;1;1
2636;Sun King;1;1
2637;Sweet Soul Sister;1;1
2638;Earth Mofo;1;1
2639;Break on Through;1;1
2640;Soul Kitchen;1;1
2641;The Crystal Ship;1;1
2642;Twentienth Century Fox;1;1
2643;Alabama Song;1;1
2644;Light My Fire;1;1
2645;Back Door Man;1;1
2646;I Looked At You;1;1
2647;End Of The Night;1;1
2648;Take It As It Comes;1;1
2649;The End;1;1
2650;Roxanne;1;1
2651;Can't Stand Losing You;1;1
2652;Message in a Bottle;1;1
2653;Walking on the Moon;1;1
2654;Don't Stand so Close to Me;1;1
2655;De Do Do Do, De Da Da Da;1;1
2656;Every Little Thing She Does is Magic;1;1
2657;Invisible Sun;1;1
2658;Spirit's in the Material World;1;1
2659;Every Breath You Take;1;1
2660;King Of Pain;1;1
2661;Wrapped Around Your Finger;1;1
2662;Don't Stand So Close to Me '86;1;1
2663;Message in a Bottle (new classic rock mix);1;1
2664;Time Is On My Side;1;1
2665;Heart Of Stone;1;1
2666;Play With Fire;1;1
2667;Satisfaction;1;1
2668;As Tears Go By;1;1
2669;Get Off Of My Cloud;1;1
2670;Mother's Little Helper;1;1
2671;19th Nervous Breakdown;1;1
2672;Paint It Black;1;1
2673;Under My Thumb;1;1
2674;Ruby Tuesday;1;1
2675;Let's Spend The Night Together;1;1
2676;Intro;1;1
2677;You Got Me Rocking;1;1
2678;Gimmie Shelters;1;1
2679;Flip The Switch;1;1
2680;Memory Motel;1;1
2681;Corinna;1;1
2682;Saint Of Me;1;1
2683;Wainting On A Friend;1;1
2684;Sister Morphine;1;1
2685;Live With Me;1;1
2686;Respectable;1;1
2687;Thief In The Night;1;1
2688;The Last Time;1;1
2689;Out Of Control;1;1
2690;Love Is Strong;1;1
2691;You Got Me Rocking;1;1
2692;Sparks Will Fly;1;1
2693;The Worst;1;1
2694;New Faces;1;1
2695;Moon Is Up;1;1
2696;Out Of Tears;1;1
2697;I Go Wild;1;1
2698;Brand New Car;1;1
2699;Sweethearts Together;1;1
2700;Suck On The Jugular;1;1
2701;Blinded By Rainbows;1;1
2702;Baby Break It Down;1;1
2703;Thru And Thru;1;1
2704;Mean Disposition;1;1
2705;Walking Wounded;1;4
2706;Temptation;1;4
2707;The Messenger;1;4
2708;Psychopomp;1;4
2709;Sister Awake;1;4
2710;The Bazaar;1;4
2711;Save Me (Remix);1;4
2712;Fire In The Head;1;4
2713;Release;1;4
2714;Heaven Coming Down;1;4
2715;The River (Remix);1;4
2716;Babylon;1;4
2717;Waiting On A Sign;1;4
2718;Life Line;1;4
2719;Paint It Black;1;4
2720;Temptation;1;4
2721;Army Ants;1;4
2722;Psychopomp;1;4
2723;Gyroscope;1;4
2724;Alarum;1;4
2725;Release;1;4
2726;Transmission;1;4
2727;Babylon;1;4
2728;Pulse;1;4
2729;Emerald;1;4
2730;Aftermath;1;4
2731;I Can't Explain;1;1
2732;Anyway, Anyhow, Anywhere;1;1
2733;My Generation;1;1
2734;Substitute;1;1
2735;I'm A Boy;1;1
2736;Boris The Spider;1;1
2737;Happy Jack;1;1
2738;Pictures Of Lily;1;1
2739;I Can See For Miles;1;1
2740;Magic Bus;1;1
2741;Pinball Wizard;1;1
2742;The Seeker;1;1
2743;Baba O'Riley;1;1
2744;Won't Get Fooled Again (Full Length Version);1;1
2745;Let's See Action;1;1
2746;5.15;1;1
2747;Join Together;1;1
2748;Squeeze Box;1;1
2749;Who Are You (Single Edit Version);1;1
2750;You Better You Bet;1;1
2751;Primavera;1;7
2752;Chocolate;1;7
2753;Azul Da Cor Do Mar;1;7
2754;O Descobridor Dos Sete Mares;1;7
2755;Até Que Enfim Encontrei Você;1;7
2756;Coroné Antonio Bento;1;7
2757;New Love;1;7
2758;Não Vou Ficar;1;7
2759;Música No Ar;1;7
2760;Salve Nossa Senhora;1;7
2761;Você Fugiu;1;7
2762;Cristina Nº 2;1;7
2763;Compadre;1;7
2764;Over Again;1;7
2765;Réu Confesso;1;7
2766;O Que Me Importa;1;7
2767;Gostava Tanto De Você;1;7
2768;Você;1;7
2769;Não Quero Dinheiro;1;7
2770;Eu Amo Você;1;7
2771;A Festa Do Santo Reis;1;7
2772;I Don't Know What To Do With Myself;1;7
2773;Padre Cícero;1;7
2774;Nosso Adeus;1;7
2775;Canário Do Reino;1;7
2776;Preciso Ser Amado;1;7
2777;Balanço;1;7
2778;Preciso Aprender A Ser Só;1;7
2779;Esta É A Canção;1;7
2780;Formigueiro;1;7
2781;Comida;1;4
2782;Go Back;1;4
2783;Prá Dizer Adeus;1;4
2784;Família;1;4
2785;Os Cegos Do Castelo;1;4
2786;O Pulso;1;4
2787;Marvin;1;4
2788;Nem 5 Minutos Guardados;1;4
2789;Flores;1;4
2790;Palavras;1;4
2791;Hereditário;1;4
2792;A Melhor Forma;1;4
2793;Cabeça Dinossauro;1;4
2794;32 Dentes;1;4
2795;Bichos Escrotos (Vinheta);1;4
2796;Não Vou Lutar;1;4
2797;Homem Primata (Vinheta);1;4
2798;Homem Primata;1;4
2799;Polícia (Vinheta);1;4
2800;Querem Meu Sangue;1;4
2801;Diversão;1;4
2802;Televisão;1;4
2803;Sonifera Ilha;1;4
2804;Lugar Nenhum;1;4
2805;Sua Impossivel Chance;1;4
2806;Desordem;1;4
2807;Não Vou Me Adaptar;1;4
2808;Domingo;1;4
2809;Amanhã Não Se Sabe;1;4
2810;Caras Como Eu;1;4
2811;Senhora E Senhor;1;4
2812;Era Uma Vez;1;4
2813;Miséria;1;4
2814;Insensível;1;4
2815;Eu E Ela;1;4
2816;Toda Cor;1;4
2817;É Preciso Saber Viver;1;4
2818;Senhor Delegado/Eu Não Aguento;1;4
2819;Battlestar Galactica: The Story So Far;3;18
2820;Occupation / Precipice;3;19
2821;Exodus, Pt. 1;3;19
2822;Exodus, Pt. 2;3;19
2823;Collaborators;3;19
2824;Torn;3;19
2825;A Measure of Salvation;3;18
2826;Hero;3;18
2827;Unfinished Business;3;18
2828;The Passage;3;18
2829;The Eye of Jupiter;3;18
2830;Rapture;3;18
2831;Taking a Break from All Your Worries;3;18
2832;The Woman King;3;18
2833;A Day In the Life;3;18
2834;Dirty Hands;3;18
2835;Maelstrom;3;18
2836;The Son Also Rises;3;18
2837;Crossroads, Pt. 1;3;20
2838;Crossroads, Pt. 2;3;20
2839;Genesis;3;19
2840;Don't Look Back;3;21
2841;One Giant Leap;3;21
2842;Collision;3;21
2843;Hiros;3;21
2844;Better Halves;3;21
2845;Nothing to Hide;3;19
2846;Seven Minutes to Midnight;3;21
2847;Homecoming;3;21
2848;Six Months Ago;3;19
2849;Fallout;3;21
2850;The Fix;3;21
2851;Distractions;3;21
2852;Run!;3;21
2853;Unexpected;3;21
2854;Company Man;3;21
2855;Company Man;3;21
2856;Parasite;3;21
2857;A Tale of Two Cities;3;19
2858;Lost (Pilot, Part 1) [Premiere];3;19
2859;Man of Science, Man of Faith (Premiere);3;19
2860;Adrift;3;19
2861;Lost (Pilot, Part 2);3;19
2862;The Glass Ballerina;3;21
2863;Further Instructions;3;19
2864;Orientation;3;19
2865;Tabula Rasa;3;19
2866;Every Man for Himself;3;21
2867;Everybody Hates Hugo;3;19
2868;Walkabout;3;19
2869;...And Found;3;19
2870;The Cost of Living;3;19
2871;White Rabbit;3;19
2872;Abandoned;3;19
2873;House of the Rising Sun;3;19
2874;I Do;3;19
2875;Not In Portland;3;21
2876;Not In Portland;3;21
2877;The Moth;3;19
2878;The Other 48 Days;3;19
2879;Collision;3;19
2880;Confidence Man;3;19
2881;Flashes Before Your Eyes;3;21
2882;Lost Survival Guide;3;21
2883;Solitary;3;19
2884;What Kate Did;3;19
2885;Raised By Another;3;19
2886;Stranger In a Strange Land;3;21
2887;The 23rd Psalm;3;19
2888;All the Best Cowboys Have Daddy Issues;3;19
2889;The Hunting Party;3;21
2890;Tricia Tanaka Is Dead;3;21
2891;Enter 77;3;21
2892;Fire + Water;3;21
2893;Whatever the Case May Be;3;19
2894;Hearts and Minds;3;19
2895;Par Avion;3;21
2896;The Long Con;3;19
2897;One of Them;3;21
2898;Special;3;19
2899;The Man from Tallahassee;3;21
2900;Exposé;3;21
2901;Homecoming;3;19
2902;Maternity Leave;3;21
2903;Left Behind;3;21
2904;Outlaws;3;19
2905;The Whole Truth;3;21
2906;...In Translation;3;19
2907;Lockdown;3;21
2908;One of Us;3;21
2909;Catch-22;3;21
2910;Dave;3;19
2911;Numbers;3;19
2912;D.O.C.;3;21
2913;Deus Ex Machina;3;19
2914;S.O.S.;3;19
2915;Do No Harm;3;19
2916;Two for the Road;3;21
2917;The Greater Good;3;19
2918;"?";3;19
2919;Born to Run;3;19
2920;Three Minutes;3;19
2921;Exodus (Part 1);3;19
2922;Live Together, Die Alone, Pt. 1;3;21
2923;Exodus (Part 2) [Season Finale];3;19
2924;Live Together, Die Alone, Pt. 2;3;19
2925;Exodus (Part 3) [Season Finale];3;19
2926;Zoo Station;1;1
2927;Even Better Than The Real Thing;1;1
2928;One;1;1
2929;Until The End Of The World;1;1
2930;Who's Gonna Ride Your Wild Horses;1;1
2931;So Cruel;1;1
2932;The Fly;1;1
2933;Mysterious Ways;1;1
2934;Tryin' To Throw Your Arms Around The World;1;1
2935;Ultraviolet (Light My Way);1;1
2936;Acrobat;1;1
2937;Love Is Blindness;1;1
2938;Beautiful Day;1;1
2939;Stuck In A Moment You Can't Get Out Of;1;1
2940;Elevation;1;1
2941;Walk On;1;1
2942;Kite;1;1
2943;In A Little While;1;1
2944;Wild Honey;1;1
2945;Peace On Earth;1;1
2946;When I Look At The World;1;1
2947;New York;1;1
2948;Grace;1;1
2949;The Three Sunrises;1;1
2950;Spanish Eyes;1;1
2951;Sweetest Thing;1;1
2952;Love Comes Tumbling;1;1
2953;Bass Trap;1;1
2954;Dancing Barefoot;1;1
2955;Everlasting Love;1;1
2956;Unchained Melody;1;1
2957;Walk To The Water;1;1
2958;Luminous Times (Hold On To Love);1;1
2959;Hallelujah Here She Comes;1;1
2960;Silver And Gold;1;1
2961;Endless Deep;1;1
2962;A Room At The Heartbreak Hotel;1;1
2963;Trash, Trampoline And The Party Girl;1;1
2964;Vertigo;1;1
2965;Miracle Drug;1;1
2966;Sometimes You Can't Make It On Your Own;1;1
2967;Love And Peace Or Else;1;1
2968;City Of Blinding Lights;1;1
2969;All Because Of You;1;1
2970;A Man And A Woman;1;1
2971;Crumbs From Your Table;1;1
2972;One Step Closer;1;1
2973;Original Of The Species;1;1
2974;Yahweh;1;1
2975;Discotheque;1;1
2976;Do You Feel Loved;1;1
2977;Mofo;1;1
2978;If God Will Send His Angels;1;1
2979;Staring At The Sun;1;1
2980;Last Night On Earth;1;1
2981;Gone;1;1
2982;Miami;1;1
2983;The Playboy Mansion;1;1
2984;If You Wear That Velvet Dress;1;1
2985;Please;1;1
2986;Wake Up Dead Man;1;1
2987;Helter Skelter;1;1
2988;Van Diemen's Land;1;1
2989;Desire;1;1
2990;Hawkmoon 269;1;1
2991;All Along The Watchtower;1;1
2992;I Still Haven't Found What I'm Looking for;1;1
2993;Freedom For My People;1;1
2994;Silver And Gold;1;1
2995;Pride (In The Name Of Love);1;1
2996;Angel Of Harlem;1;1
2997;Love Rescue Me;1;1
2998;When Love Comes To Town;1;1
2999;Heartland;1;1
3000;God Part II;1;1
3001;The Star Spangled Banner;1;1
3002;Bullet The Blue Sky;1;1
3003;All I Want Is You;1;1
3004;Pride (In The Name Of Love);1;1
3005;New Year's Day;1;1
3006;With Or Without You;1;1
3007;I Still Haven't Found What I'm Looking For;1;1
3008;Sunday Bloody Sunday;1;1
3009;Bad;1;1
3010;Where The Streets Have No Name;1;1
3011;I Will Follow;1;1
3012;The Unforgettable Fire;1;1
3013;Sweetest Thing;1;1
3014;Desire;1;1
3015;When Love Comes To Town;1;1
3016;Angel Of Harlem;1;1
3017;All I Want Is You;1;1
3018;Sunday Bloody Sunday;1;1
3019;Seconds;1;1
3020;New Year's Day;1;1
3021;Like A Song...;1;1
3022;Drowning Man;1;1
3023;The Refugee;1;1
3024;Two Hearts Beat As One;1;1
3025;Red Light;1;1
3026;Surrender;1;1
3027;"40";1;1
3028;Zooropa;1;1
3029;Babyface;1;1
3030;Numb;1;1
3031;Lemon;1;1
3032;Stay (Faraway, So Close!);1;1
3033;Daddy's Gonna Pay For Your Crashed Car;1;1
3034;Some Days Are Better Than Others;1;1
3035;The First Time;1;1
3036;Dirty Day;1;1
3037;The Wanderer;1;1
3038;Breakfast In Bed;1;8
3039;Where Did I Go Wrong;1;8
3040;I Would Do For You;1;8
3041;Homely Girl;1;8
3042;Here I Am (Come And Take Me);1;8
3043;Kingston Town;1;8
3044;Wear You To The Ball;1;8
3045;(I Can't Help) Falling In Love With You;1;8
3046;Higher Ground;1;8
3047;Bring Me Your Cup;1;8
3048;C'est La Vie;1;8
3049;Reggae Music;1;8
3050;Superstition;1;8
3051;Until My Dying Day;1;8
3052;Where Have All The Good Times Gone?;1;1
3053;Hang 'Em High;1;1
3054;Cathedral;1;1
3055;Secrets;1;1
3056;Intruder;1;1
3057;(Oh) Pretty Woman;1;1
3058;Dancing In The Street;1;1
3059;Little Guitars (Intro);1;1
3060;Little Guitars;1;1
3061;Big Bad Bill (Is Sweet William Now);1;1
3062;The Full Bug;1;1
3063;Happy Trails;1;1
3064;Eruption;1;1
3065;Ain't Talkin' 'bout Love;1;1
3066;Runnin' With The Devil;1;1
3067;Dance the Night Away;1;1
3068;And the Cradle Will Rock...;1;1
3069;Unchained;1;1
3070;Jump;1;1
3071;Panama;1;1
3072;Why Can't This Be Love;1;1
3073;Dreams;1;1
3074;When It's Love;1;1
3075;Poundcake;1;1
3076;Right Now;1;1
3077;Can't Stop Loving You;1;1
3078;Humans Being;1;1
3079;Can't Get This Stuff No More;1;1
3080;Me Wise Magic;1;1
3081;Runnin' With The Devil;1;1
3082;Eruption;1;1
3083;You Really Got Me;1;1
3084;Ain't Talkin' 'Bout Love;1;1
3085;I'm The One;1;1
3086;Jamie's Cryin';1;1
3087;Atomic Punk;1;1
3088;Feel Your Love Tonight;1;1
3089;Little Dreamer;1;1
3090;Ice Cream Man;1;1
3091;On Fire;1;1
3092;Neworld;1;1
3093;Without You;1;1
3094;One I Want;1;1
3095;From Afar;1;1
3096;Dirty Water Dog;1;1
3097;Once;1;1
3098;Fire in the Hole;1;1
3099;Josephina;1;1
3100;Year to the Day;1;1
3101;Primary;1;1
3102;Ballot or the Bullet;1;1
3103;How Many Say I;1;1
3104;Sucker Train Blues;1;1
3105;Do It For The Kids;1;1
3106;Big Machine;1;1
3107;Illegal I Song;1;1
3108;Spectacle;1;1
3109;Fall To Pieces;1;1
3110;Headspace;1;1
3111;Superhuman;1;1
3112;Set Me Free;1;1
3113;You Got No Right;1;1
3114;Slither;1;1
3115;Dirty Little Thing;1;1
3116;Loving The Alien;1;1
3117;Pela Luz Dos Olhos Teus;1;7
3118;A Bencao E Outros;1;7
3119;Tudo Na Mais Santa Paz;1;7
3120;O Velho E Aflor;1;7
3121;Cotidiano N 2;1;7
3122;Adeus;1;7
3123;Samba Pra Endrigo;1;7
3124;So Por Amor;1;7
3125;Meu Pranto Rolou;1;7
3126;Mulher Carioca;1;7
3127;Um Homem Chamado Alfredo;1;7
3128;Samba Do Jato;1;7
3129;Oi, La;1;7
3130;Vinicius, Poeta Do Encontro;1;7
3131;Soneto Da Separacao;1;7
3132;Still Of The Night;1;3
3133;Here I Go Again;1;3
3134;Is This Love;1;3
3135;Love Ain't No Stranger;1;3
3136;Looking For Love;1;3
3137;Now You're Gone;1;3
3138;Slide It In;1;3
3139;Slow An' Easy;1;3
3140;Judgement Day;1;3
3141;You're Gonna Break My Hart Again;1;3
3142;The Deeper The Love;1;3
3143;Crying In The Rain;1;3
3144;Fool For Your Loving;1;3
3145;Sweet Lady Luck;1;3
3146;Faixa Amarela;1;7
3147;Posso Até Me Apaixonar;1;7
3148;Não Sou Mais Disso;1;7
3149;Vivo Isolado Do Mundo;1;7
3150;Coração Em Desalinho;1;7
3151;Seu Balancê;1;7
3152;Vai Adiar;1;7
3153;Rugas;1;7
3154;Feirinha da Pavuna/Luz do Repente/Bagaço da Laranja;1;7
3155;Sem Essa de Malandro Agulha;1;7
3156;Chico Não Vai na Corimba;1;7
3157;Papel Principal;1;7
3158;Saudade Louca;1;7
3159;Camarão que Dorme e Onda Leva;1;7
3160;Sapopemba e Maxambomba;1;7
3161;Minha Fé;1;7
3162;Lua de Ogum;1;7
3163;Samba pras moças;1;7
3164;Verdade;1;7
3165;The Brig;3;21
3166;.07%;3;21
3167;Five Years Gone;3;21
3168;The Hard Part;3;21
3169;The Man Behind the Curtain;3;21
3170;Greatest Hits;3;21
3171;Landslide;3;21
3172;The Office: An American Workplace (Pilot);3;19
3173;Diversity Day;3;19
3174;Health Care;3;19
3175;The Alliance;3;19
3176;Basketball;3;19
3177;Hot Girl;3;19
3178;The Dundies;3;19
3179;Sexual Harassment;3;19
3180;Office Olympics;3;19
3181;The Fire;3;19
3182;Halloween;3;19
3183;The Fight;3;19
3184;The Client;3;19
3185;Performance Review;3;19
3186;Email Surveillance;3;19
3187;Christmas Party;3;19
3188;Booze Cruise;3;19
3189;The Injury;3;19
3190;The Secret;3;19
3191;The Carpet;3;19
3192;Boys and Girls;3;19
3193;Valentine's Day;3;19
3194;Dwight's Speech;3;19
3195;Take Your Daughter to Work Day;3;19
3196;Michael's Birthday;3;19
3197;Drug Testing;3;19
3198;Conflict Resolution;3;19
3199;Casino Night - Season Finale;3;19
3200;Gay Witch Hunt;3;19
3201;The Convention;3;19
3202;The Coup;3;19
3203;Grief Counseling;3;19
3204;The Initiation;3;19
3205;Diwali;3;19
3206;Branch Closing;3;19
3207;The Merger;3;19
3208;The Convict;3;22
3209;A Benihana Christmas, Pts. 1 & 2;3;22
3210;Back from Vacation;3;22
3211;Traveling Salesmen;3;22
3212;Producer's Cut: The Return;3;22
3213;Ben Franklin;3;22
3214;Phyllis's Wedding;3;22
3215;Business School;3;22
3216;Cocktails;3;22
3217;The Negotiation;3;22
3218;Safety Training;3;22
3219;Product Recall;3;22
3220;Women's Appreciation;3;22
3221;Beach Games;3;22
3222;The Job;3;22
3223;How to Stop an Exploding Man;3;21
3224;Through a Looking Glass;3;21
3225;Your Time Is Gonna Come;2;1
3226;Battlestar Galactica, Pt. 1;3;20
3227;Battlestar Galactica, Pt. 2;3;20
3228;Battlestar Galactica, Pt. 3;3;20
3229;Lost Planet of the Gods, Pt. 1;3;20
3230;Lost Planet of the Gods, Pt. 2;3;20
3231;The Lost Warrior;3;20
3232;The Long Patrol;3;20
3233;The Gun On Ice Planet Zero, Pt. 1;3;20
3234;The Gun On Ice Planet Zero, Pt. 2;3;20
3235;The Magnificent Warriors;3;20
3236;The Young Lords;3;20
3237;The Living Legend, Pt. 1;3;20
3238;The Living Legend, Pt. 2;3;20
3239;Fire In Space;3;20
3240;War of the Gods, Pt. 1;3;20
3241;War of the Gods, Pt. 2;3;20
3242;The Man With Nine Lives;3;20
3243;Murder On the Rising Star;3;20
3244;Greetings from Earth, Pt. 1;3;20
3245;Greetings from Earth, Pt. 2;3;20
3246;Baltar's Escape;3;20
3247;Experiment In Terra;3;20
3248;Take the Celestra;3;20
3249;The Hand of God;3;20
3250;Pilot;3;19
3251;Through the Looking Glass, Pt. 2;3;21
3252;Through the Looking Glass, Pt. 1;3;21
3253;Instant Karma;2;9
3254;#9 Dream;2;9
3255;Mother;2;9
3256;Give Peace a Chance;2;9
3257;Cold Turkey;2;9
3258;Whatever Gets You Thru the Night;2;9
3259;I'm Losing You;2;9
3260;Gimme Some Truth;2;9
3261;Oh, My Love;2;9
3262;Imagine;2;9
3263;Nobody Told Me;2;9
3264;Jealous Guy;2;9
3265;Working Class Hero;2;9
3266;Power to the People;2;9
3267;Imagine;2;9
3268;Beautiful Boy;2;9
3269;Isolation;2;9
3270;Watching the Wheels;2;9
3271;Grow Old With Me;2;9
3272;Gimme Some Truth;2;9
3273;[Just Like] Starting Over;2;9
3274;God;2;9
3275;Real Love;2;9
3276;Sympton of the Universe;2;1
3277;Snowblind;2;1
3278;Black Sabbath;2;1
3279;Fairies Wear Boots;2;1
3280;War Pigs;2;1
3281;The Wizard;2;1
3282;N.I.B.;2;1
3283;Sweet Leaf;2;1
3284;Never Say Die;2;1
3285;Sabbath, Bloody Sabbath;2;1
3286;Iron Man/Children of the Grave;2;1
3287;Paranoid;2;1
3288;Rock You Like a Hurricane;2;1
3289;No One Like You;2;1
3290;The Zoo;2;1
3291;Loving You Sunday Morning;2;1
3292;Still Loving You;2;1
3293;Big City Nights;2;1
3294;Believe in Love;2;1
3295;Rhythm of Love;2;1
3296;I Can't Explain;2;1
3297;Tease Me Please Me;2;1
3298;Wind of Change;2;1
3299;Send Me an Angel;2;1
3300;Jump Around;1;17
3301;Salutations;1;17
3302;Put Your Head Out;1;17
3303;Top O' The Morning To Ya;1;17
3304;Commercial 1;1;17
3305;House And The Rising Sun;1;17
3306;Shamrocks And Shenanigans;1;17
3307;House Of Pain Anthem;1;17
3308;Danny Boy, Danny Boy;1;17
3309;Guess Who's Back;1;17
3310;Commercial 2;1;17
3311;Put On Your Shit Kickers;1;17
3312;Come And Get Some Of This;1;17
3313;Life Goes On;1;17
3314;One For The Road;1;17
3315;Feel It;1;17
3316;All My Love;1;17
3317;Jump Around (Pete Rock Remix);1;17
3318;Shamrocks And Shenanigans (Boom Shalock Lock Boom/Butch Vig Mix);1;17
3319;Instinto Colectivo;1;15
3320;Chapa o Coco;1;15
3321;Prostituta;1;15
3322;Eu So Queria Sumir;1;15
3323;Tres Reis;1;15
3324;Um Lugar ao Sol;1;15
3325;Batalha Naval;1;15
3326;Todo o Carnaval tem seu Fim;1;15
3327;O Misterio do Samba;1;15
3328;Armadura;1;15
3329;Na Ladeira;1;15
3330;Carimbo;1;15
3331;Catimbo;1;15
3332;Funk de Bamba;1;15
3333;Chega no Suingue;1;15
3334;Mun-Ra;1;15
3335;Freestyle Love;1;15
3336;War Pigs;4;23
3337;Past, Present, and Future;3;21
3338;The Beginning of the End;3;21
3339;LOST Season 4 Trailer;3;21
3340;LOST In 8:15;3;21
3341;Confirmed Dead;3;21
3342;The Economist;3;21
3343;Eggtown;3;19
3344;The Constant;3;21
3345;The Other Woman;3;21
3346;Ji Yeon;3;19
3347;Meet Kevin Johnson;3;19
3348;The Shape of Things to Come;3;21
3349;Amanda;5;2
3350;Despertar;5;2
3351;Din Din Wo (Little Child);5;16
3352;Distance;5;15
3353;I Guess You're Right;5;1
3354;I Ka Barra (Your Work);5;16
3355;Love Comes;5;1
3356;Muita Bobeira;5;7
3357;OAM's Blues;5;2
3358;One Step Beyond;5;15
3359;Symphony No. 3 in E-flat major, Op. 55, "Eroica" - Scherzo: Allegro Vivace;5;24
3360;Something Nice Back Home;3;21
3361;Cabin Fever;3;21
3362;There's No Place Like Home, Pt. 1;3;21
3363;There's No Place Like Home, Pt. 2;3;21
3364;There's No Place Like Home, Pt. 3;3;21
3365;Say Hello 2 Heaven;2;23
3366;Reach Down;2;23
3367;Hunger Strike;2;23
3368;Pushin Forward Back;2;23
3369;Call Me a Dog;2;23
3370;Times of Trouble;2;23
3371;Wooden Jesus;2;23
3372;Your Savior;2;23
3373;Four Walled World;2;23
3374;All Night Thing;2;23
3375;No Such Thing;2;23
3376;Poison Eye;2;23
3377;Arms Around Your Love;2;23
3378;Safe and Sound;2;23
3379;She'll Never Be Your Man;2;23
3380;Ghosts;2;23
3381;Killing Birds;2;23
3382;Billie Jean;2;23
3383;Scar On the Sky;2;23
3384;Your Soul Today;2;23
3385;Finally Forever;2;23
3386;Silence the Voices;2;23
3387;Disappearing Act;2;23
3388;You Know My Name;2;23
3389;Revelations;2;23
3390;One and the Same;2;23
3391;Sound of a Gun;2;23
3392;Until We Fall;2;23
3393;Original Fire;2;23
3394;Broken City;2;23
3395;Somedays;2;23
3396;Shape of Things to Come;2;23
3397;Jewel of the Summertime;2;23
3398;Wide Awake;2;23
3399;Nothing Left to Say But Goodbye;2;23
3400;Moth;2;23
3401;Show Me How to Live (Live at the Quart Festival);2;23
3402;Band Members Discuss Tracks from "Revelations";3;23
3403;Intoitus: Adorate Deum;2;24
3404;Miserere mei, Deus;2;24
3405;Canon and Gigue in D Major: I. Canon;2;24
3406;Concerto No. 1 in E Major, RV 269 "Spring": I. Allegro;2;24
3407;Concerto for 2 Violins in D Minor, BWV 1043: I. Vivace;2;24
3408;Aria Mit 30 Veränderungen, BWV 988 "Goldberg Variations": Aria;2;24
3409;Suite for Solo Cello No. 1 in G Major, BWV 1007: I. Prélude;2;24
3410;The Messiah: Behold, I Tell You a Mystery... The Trumpet Shall Sound;2;24
3411;Solomon HWV 67: The Arrival of the Queen of Sheba;2;24
3412;"Eine Kleine Nachtmusik" Serenade In G, K. 525: I. Allegro;2;24
3413;Concerto for Clarinet in A Major, K. 622: II. Adagio;2;24
3414;Symphony No. 104 in D Major "London": IV. Finale: Spiritoso;4;24
3415;Symphony No.5 in C Minor: I. Allegro con brio;2;24
3416;Ave Maria;2;24
3417;Nabucco: Chorus, "Va, Pensiero, Sull'ali Dorate";2;24
3418;Die Walküre: The Ride of the Valkyries;2;24
3419;Requiem, Op.48: 4. Pie Jesu;2;24
3420;The Nutcracker, Op. 71a, Act II: Scene 14: Pas de deux: Dance of the Prince & the Sugar-Plum Fairy;2;24
3421;Nimrod (Adagio) from Variations On an Original Theme, Op. 36 "Enigma";2;24
3422;Madama Butterfly: Un Bel Dì Vedremo;2;24
3423;Jupiter, the Bringer of Jollity;2;24
3424;Turandot, Act III, Nessun dorma!;2;24
3425;Adagio for Strings from the String Quartet, Op. 11;2;24
3426;Carmina Burana: O Fortuna;2;24
3427;Fanfare for the Common Man;2;24
3428;Branch Closing;3;22
3429;The Return;3;22
3430;Toccata and Fugue in D Minor, BWV 565: I. Toccata;2;24
3431;Symphony No.1 in D Major, Op.25 "Classical", Allegro Con Brio;2;24
3432;Scheherazade, Op. 35: I. The Sea and Sindbad's Ship;2;24
3433;Concerto No.2 in F Major, BWV1047, I. Allegro;2;24
3434;Concerto for Piano No. 2 in F Minor, Op. 21: II. Larghetto;2;24
3435;Cavalleria Rusticana \ Act \ Intermezzo Sinfonico;2;24
3436;Karelia Suite, Op.11: 2. Ballade (Tempo Di Menuetto);2;24
3437;Piano Sonata No. 14 in C Sharp Minor, Op. 27, No. 2, "Moonlight": I. Adagio sostenuto;2;24
3438;Fantasia On Greensleeves;2;24
3439;Das Lied Von Der Erde, Von Der Jugend;2;24
3440;Concerto for Cello and Orchestra in E minor, Op. 85: I. Adagio - Moderato;2;24
3441;Two Fanfares for Orchestra: II. Short Ride in a Fast Machine;2;24
3442;Wellington's Victory or the Battle Symphony, Op.91: 2. Symphony of Triumph;2;24
3443;Missa Papae Marcelli: Kyrie;2;24
3444;Romeo et Juliette: No. 11 - Danse des Chevaliers;2;24
3445;On the Beautiful Blue Danube;2;24
3446;Symphonie Fantastique, Op. 14: V. Songe d'une nuit du sabbat;2;24
3447;Carmen: Overture;2;24
3448;Lamentations of Jeremiah, First Set \ Incipit Lamentatio;2;24
3449;Music for the Royal Fireworks, HWV351 (1749): La Réjouissance;2;24
3450;Peer Gynt Suite No.1, Op.46: 1. Morning Mood;2;24
3451;Die Zauberflöte, K.620: "Der Hölle Rache Kocht in Meinem Herze";2;25
3452;SCRIABIN: Prelude in B Major, Op. 11, No. 11;4;24
3453;Pavan, Lachrimae Antiquae;2;24
3454;Symphony No. 41 in C Major, K. 551, "Jupiter": IV. Molto allegro;2;24
3455;Rehab;2;14
3456;You Know I'm No Good;2;14
3457;Me & Mr. Jones;2;14
3458;Just Friends;2;14
3459;Back to Black;2;14
3460;Love Is a Losing Game;2;14
3461;Tears Dry On Their Own;2;14
3462;Wake Up Alone;2;14
3463;Some Unholy War;2;14
3464;He Can Only Hold Her;2;14
3465;You Know I'm No Good (feat. Ghostface Killah);2;14
3466;Rehab (Hot Chip Remix);2;14
3467;Intro / Stronger Than Me;2;9
3468;You Sent Me Flying / Cherry;2;9
3469;F**k Me Pumps;2;9
3470;I Heard Love Is Blind;2;9
3471;(There Is) No Greater Love (Teo Licks);2;9
3472;In My Bed;2;9
3473;Take the Box;2;9
3474;October Song;2;9
3475;What Is It About Men;2;9
3476;Help Yourself;2;9
3477;Amy Amy Amy (Outro);2;9
3478;Slowness;2;23
3479;Prometheus Overture, Op. 43;4;24
3480;Sonata for Solo Violin: IV: Presto;4;24
3481;A Midsummer Night's Dream, Op.61 Incidental Music: No.7 Notturno;2;24
3482;Suite No. 3 in D, BWV 1068: III. Gavotte I & II;2;24
3483;Concert pour 4 Parties de V**les, H. 545: I. Prelude;2;24
3484;Adios nonino;2;24
3485;Symphony No. 3 Op. 36 for Orchestra and Soprano "Symfonia Piesni Zalosnych" \ Lento E Largo - Tranquillissimo;2;24
3486;Act IV, Symphony;2;24
3487;3 Gymnopédies: No.1 - Lent Et Grave, No.3 - Lent Et Douloureux;2;24
3488;Music for the Funeral of Queen Mary: VI. "Thou Knowest, Lord, the Secrets of Our Hearts";2;24
3489;Symphony No. 2: III. Allegro vivace;2;24
3490;Partita in E Major, BWV 1006A: I. Prelude;2;24
3491;Le Sacre Du Printemps: I.iv. Spring Rounds;2;24
3492;Sing Joyfully;2;24
3493;Metopes, Op. 29: Calypso;2;24
3494;Symphony No. 2, Op. 16 -  "The Four Temperaments": II. Allegro Comodo e Flemmatico;2;24
3495;24 Caprices, Op. 1, No. 24, for Solo Violin, in A Minor;2;24
3496;Étude 1, In C Major - Preludio (Presto) - Liszt;4;24
3497;Erlkonig, D.328;2;24
3498;Concerto for Violin, Strings and Continuo in G Major, Op. 3, No. 9: I. Allegro;4;24
3499;Pini Di Roma (Pinien Von Rom) \ I Pini Della Via Appia;2;24
3500;String Quartet No. 12 in C Minor, D. 703 "Quartettsatz": II. Andante - Allegro assai;2;24
3501;L'orfeo, Act 3, Sinfonia (Orchestra);2;24
3502;Quintet for Horn, Violin, 2 Violas, and Cello in E Flat Major, K. 407/386c: III. Allegro;2;24
3503;Koyaanisqatsi;2;10